"","EntrezID","X21.1A.AD","X20.1T.AD","X23.2A.AD","X22.2T.AD","X26.3A.AD","X24.3T.AD","X27.5A.AD","X25.5T.AD","X29.6T.AD","X31.7T.AD","X28.8T.AD","X30.9T.AD","X18.10A.Old","X11.10T.Old","X19.11A.Old","X13.11T.Old","X15.13T.Old","X16.14T.Old","X12.6A.Old","X14.7A.Old","X10.8A.Old","X17.9A.Old","X2.12A.Young","X4.13A.Young","X6.14A.Young","X8.15A.Young","X9.16A.Young","X3.17T.Young","X5.18T.Young","X7.19T.Young"
"XG",7499,3.340733796,0,2.009263425,2.74862246,1.98656717,0,1.321232085,1.075535744,0,1.047282454,0,0,1.894346945,0,2.221593307,0,0,0.891907215,0,0,1.811821109,1.703622064,2.122764295,0.90207066,0.962369176,0,3.190623942,0,0.862930577,0
"SLC9C2",284525,36.74807175,18.08155014,32.1482148,30.23484706,30.79179113,23.36383321,26.4246417,9.679821699,14.04703074,12.56738945,32.45101481,18.5581458,18.94346945,9.395122318,21.10513642,33.83546358,9.627588038,7.135257719,9.257060726,36.28695304,15.40047943,10.22173239,8.491057181,10.82484791,11.54843011,3.232875094,13.82603708,25.47499616,6.903444618,17.05819905
"LINC00534",100874052,1.113577932,2.009061126,0,0,0.993283585,0,0,2.151071489,2.161081652,2.094564908,0,0.883721229,0.947173473,1.879024464,2.221593307,0,0.962758804,0,0.925706073,2.199209275,2.717731664,0.851811032,1.415176197,0.90207066,1.924738351,0,1.063541314,0,2.588791732,2.843033174
"CELF1",10658,2273.926137,2964.369692,2392.028107,1807.677371,2404.739559,3211.970784,2769.30245,1661.702725,2313.437909,2302.974117,2458.444122,2310.931013,1950.23018,2620.299614,2328.229786,2123.578143,2697.650168,2631.126284,2422.572792,2383.942855,2945.115213,2417.439709,2329.38002,2678.247788,3372.141592,1498.976419,3270.389541,1557.997133,1633.527583,1935.157914
"TIPIN",54962,38.97522762,35.15856971,41.18990021,43.97795936,43.70447773,45.61510293,33.03080212,31.19053658,31.33568396,30.37119117,39.16501788,35.34884915,47.35867363,34.76195258,42.21027284,64.44850205,30.80828172,33.89247417,40.73106719,59.37865044,35.33051163,55.36771709,48.82357879,50.51595693,48.11845879,88.36525258,56.36768964,44.24604596,44.87239002,33.16872037
"LINC00452",643365,0,2.009061126,1.004631712,2.74862246,0.993283585,0,3.963696255,0,0,3.141847362,0,0.883721229,0,28.18536695,0,1.611212551,0,0,0.925706073,0,0.905910555,0.851811032,0,0,0.962369176,0,0,0,0.862930577,0
"OR13H1",347468,1.113577932,0,3.013895137,0,0,0,0,0,1.080540826,0,0,1.767442457,0.947173473,0,1.110796654,0,0,0,0,0,0,0,0,0,0,0,0,0,0,0
"LRIF1",55791,217.1476967,184.8336236,158.7318106,126.4366332,142.0395526,125.7196739,206.1122052,66.68321615,96.16813352,157.0923681,126.4470577,145.8140027,141.1288474,204.8136665,139.9603784,139.3698857,142.488303,123.9751029,179.5869781,119.8569055,193.8648587,176.3248836,256.1468916,175.0017079,196.3233119,205.826381,103.1635075,92.51445972,209.6921303,90.97706158
"MIR6827",102466744,0,0,0,2.74862246,0,0,0,0,0,0,2.238001022,0.883721229,0,0,0,0,0,0.891907215,0,0,0,1.703622064,0,0,0,1.077625031,0,0,0,0
"S100A4",6275,21.15798071,60.27183379,105.4863298,26.57001711,51.65074641,43.38997596,31.70957004,43.02142977,19.44973487,41.89129816,89.52004086,31.81396423,11.36608167,40.39902597,39.98867953,30.61303848,23.10621129,21.40577316,18.51412145,19.79288348,11.77683721,12.77716548,9.906233378,13.53105989,11.54843011,15.08675044,14.8895784,14.74868199,32.79136194,66.33744074
"HLA-DRB5",3127,130.288618,326.472433,93.43074926,229.0518717,26.81865679,89.00507889,191.5786523,203.2762557,113.4567867,124.626612,257.3701175,325.2094121,377.9222156,138.1082981,345.4577593,579.2309122,274.3862591,83.8392782,118.4903773,95.66560348,30.80095886,334.7617356,145.7631483,145.2333762,116.4466703,622.8672682,38.2874873,439.778881,246.7981451,342.1116587
"MED4",29079,146.992287,158.715829,154.7132837,138.3473305,138.0664183,175.7850308,118.9108876,129.0642893,119.9400317,121.4847647,143.2320654,144.0465603,179.9629598,99.58829657,171.0626847,156.2876175,159.8179614,144.4889688,171.2556234,174.8371374,191.147127,200.1755925,186.803258,208.3783224,230.9686022,224.1460065,130.8155816,109.9447203,151.8757816,113.721327
"PLSCR1",5359,224.9427422,190.860807,175.8105497,313.3429604,147.9992541,164.6593959,253.6765603,194.6719697,115.6178684,158.1396506,145.4700664,222.6977496,183.7516537,223.6039112,299.9150965,414.0816257,142.488303,114.1641235,208.2838663,227.61816,95.12060825,417.3874057,147.8859126,140.7230229,110.6724552,221.9907565,208.4540975,190.3920765,234.717117,175.3203791
"TGFB3",7043,473.270621,546.4646264,448.0657438,1361.484325,1786.917169,2555.558328,784.8118584,4615.123879,3265.394376,397.9673326,1789.281817,722.0002438,3116.200725,362.6517215,420.9919318,798.3558192,513.1504424,515.5223702,1233.040489,1392.099471,286.2677353,719.7803221,629.0458195,497.0409334,200.1727886,3368.655848,433.9248561,4944.830833,1846.671435,2644.020852
"PTGS2",5743,77.95045523,71.32166998,60.27790275,64.13452406,75.48955245,77.87944402,40.95819463,38.71928679,47.54379635,53.41140516,38.04601737,93.67445023,87.13995948,151.2614693,191.0570244,99.08957191,53.91449302,84.73118541,150.8900898,43.98418551,125.0156566,114.9944893,84.20298371,109.1505498,192.4738351,79.74425233,47.85935913,29.49736397,68.1715156,64.44208529
"NPBWR2",2832,8.908623455,2.009061126,4.01852685,0,3.973134339,5.56281743,5.284928339,1.075535744,6.483244957,8.378259633,3.357001532,7.069769829,4.735867363,65.76585622,11.10796654,4.833637654,5.776552823,0.891907215,2.777118218,5.498023189,9.059105547,1.703622064,8.491057181,10.82484791,4.811845879,0,1.063541314,0,0,0.947677725
"ATG16L1",55054,447.6583286,437.9753255,412.9036338,467.2658182,565.1783598,426.1118152,395.0483934,462.48037,460.3103919,518.4048148,465.5042125,503.7211003,519.9982365,709.331735,407.6623719,398.7751065,465.9752611,594.0102051,563.7549982,413.4513438,556.2290806,496.6058317,520.7848404,636.8618856,575.4967671,633.6435185,503.0550415,602.0143828,487.5557762,678.537251
"KIAA1324",57535,648.1023564,691.1170275,527.431649,462.6847808,546.3059717,288.1539429,560.202404,269.9594718,557.5590663,599.0455637,457.6712089,786.5118935,560.7266958,795.7668603,543.1795637,513.9768039,611.3518404,705.498607,772.9645706,548.7027142,837.9672631,650.7836285,648.8582862,856.9671266,970.0681291,121.7716286,816.7997292,167.5986589,228.676603,629.2580093
"NDUFA13",51079,889.7487676,1091.924722,845.8999019,1036.230667,984.3440326,826.6346702,965.820654,885.1659176,1020.03054,862.9607422,813.5133713,1021.58174,1394.239352,1035.342479,830.875897,958.671468,916.5463813,1462.727832,1109.921581,891.7793612,1280.957524,1348.416864,1575.091107,1519.086991,1442.591394,1091.634157,1174.149611,1131.626145,1131.301987,1161.852891
"CARS2",79587,410.9102569,299.3501078,372.7183653,312.4267529,369.5014936,379.3841488,325.0230929,363.5310816,341.450901,481.7499289,276.3931262,297.814054,207.4309905,308.160012,249.9292471,283.573409,326.3752345,227.4363398,347.1397772,306.7896939,264.525882,241.9143331,232.7964844,295.8791763,249.2536165,275.872008,365.858212,311.063111,293.3963963,308.9429383
"CBWD5",220869,12.24935725,28.12685577,13.06021226,21.07277219,20.85895528,7.787944402,11.89108876,9.679821699,9.724867435,19.89836663,4.476002043,16.79070334,17.99629598,31.94341588,26.65911969,17.72333806,13.47862325,16.05432987,12.95988502,13.19525565,30.80095886,18.73984271,14.15176197,9.922777255,10.58606093,18.31962553,9.571871826,12.06710344,16.39568097,11.3721327
"SOD3",6649,388.6386982,125.5663204,306.4126723,213.4763444,234.414926,106.8060947,454.5038372,171.0101833,164.2422056,315.2320187,212.6100971,387.9536194,224.480113,624.7756341,396.5544054,372.1900994,449.6083614,219.4091749,298.0773554,359.5707165,192.9589482,268.3204751,130.9037982,120.8774684,164.5651291,171.34238,258.4405393,187.710498,128.576656,308.9429383
"MRGPRF-AS1",101928200,2.227155864,3.013591689,4.01852685,0.916207487,1.98656717,12.23819835,2.64246417,5.377678721,1.080540826,4.189129816,1.119000511,0.883721229,0,2.818536695,2.221593307,2.416818827,0.962758804,0.891907215,0.925706073,1.099604638,0,1.703622064,1.415176197,2.706211979,0,0,1.063541314,0,0.862930577,1.89535545
"AAED1",195827,41.20238348,42.19028365,32.1482148,43.97795936,33.77164188,37.82715853,38.31573046,26.88839361,30.25514313,32.46575608,38.04601737,27.39535809,26.52085723,20.6692691,36.65628957,46.72516399,33.69655813,27.64912366,21.29123967,39.58576696,38.95415385,65.58944947,34.67181682,44.20146232,30.79581362,61.42462679,29.77915679,29.49736397,56.9534181,26.53497629
"GFI1",2672,4.454311728,2.009061126,2.009263425,8.24586738,0,11.12563486,3.963696255,8.604285954,1.080540826,2.094564908,2.238001022,0,4.735867363,8.455610086,6.664779922,7.250456481,3.851035215,5.351443289,2.777118218,2.199209275,7.247284438,3.407244128,0.707588098,1.804141319,1.924738351,7.54337522,3.190623942,8.044735628,5.177583464,8.529099523
"JPH2",57158,8.908623455,24.10873352,43.19916364,85.20729626,49.66417924,57.85330128,30.38833795,151.6505399,44.30217387,36.65488589,49.23602247,43.3023402,41.6756328,34.76195258,48.87505276,70.08774598,29.84552292,32.10865974,22.21694574,34.08774377,7.247284438,85.18110321,28.30352394,25.25797847,24.05922939,187.5067555,28.71561548,57.65393867,88.01891888,98.55848338
"OR2T27",403239,0,0,0,0,0.993283585,0,0,0,0,0,0,0,0,0,2.221593307,0,0,1.78381443,0,0,0,0,0.707588098,0,0.962369176,0,1.063541314,0,0,0.947677725
"KPNA2",3838,206.0119174,298.3455773,169.7827594,201.5656471,229.4485081,91.23020586,149.2992256,114.0067889,179.3697771,181.1798646,171.2070782,267.7675323,175.2270924,234.8780579,138.8495817,231.2090011,186.7752079,396.8987106,284.1917643,186.9327884,300.7623042,386.7222086,381.389985,488.0202268,455.2006201,293.1140085,231.8520065,201.1183907,256.2903814,156.3668246
"CDC14A",8556,229.397054,108.4893008,272.2551941,105.363861,118.2007466,166.8845229,268.2101132,96.79821699,125.3427358,189.5581242,157.779072,150.2326089,163.8610108,86.43512532,223.2701274,160.3156489,157.8924438,90.97453592,164.7756809,201.2276487,106.8974455,97.95826869,108.9685672,76.67600606,61.59162725,74.35612717,115.9260032,87.15130264,113.0439056,90.97706158
"MS4A7",58475,257.2365023,90.40775068,133.6160178,255.6218888,83.43582113,51.17792036,100.4136384,77.43857359,21.61081652,104.7282454,193.5870884,99.86049884,132.6042862,39.45951373,124.4092252,111.173666,67.39311627,55.29824732,127.747438,40.6853716,33.51869053,137.1415762,45.9932264,66.75322881,20.20975269,94.83100277,20.20728497,179.6657624,67.30858503,65.38976301
"ACADS",35,97.99485801,157.7112984,169.7827594,211.6439294,165.8783587,160.209142,177.0450994,214.0316131,183.6919404,111.0119401,123.0900562,182.9302943,201.7479497,197.2975687,223.2701274,299.6855345,214.6952133,198.8953089,125.8960259,247.4110435,161.2520787,152.4741747,188.9260223,121.779539,89.50033334,423.5066374,276.5207416,501.4551875,321.8731053,195.2216113
"CCNA2",890,125.8343063,40.18122253,57.26400761,37.56450695,70.52313452,81.21713448,79.27392509,65.6076804,45.3827147,121.4847647,46.99802145,69.81397706,17.99629598,52.61268498,23.32672973,19.33455062,30.80828172,22.29768037,65.72513115,36.28695304,19.9300322,30.66519716,21.22764295,24.35590781,17.32264516,18.31962553,25.52499154,57.65393867,59.54220983,57.80834121
"ZNRF4",148066,0,0,1.004631712,1.832414973,0.993283585,0,1.321232085,1.075535744,1.080540826,1.047282454,0,0.883721229,1.894346945,2.818536695,1.110796654,2.416818827,0.962758804,5.351443289,0,1.099604638,1.811821109,2.555433096,0.707588098,1.804141319,0.962369176,0,3.190623942,0,0.862930577,0.947677725
"LOC441204",441204,56.79247453,54.24465041,50.23158562,46.72658182,64.56343301,99.01815026,77.95269301,16.13303616,56.18812296,56.55325252,48.11702196,60.09304355,86.19278601,24.42731803,37.76708623,49.14198282,31.77104053,55.29824732,61.09660079,76.97232464,139.5102254,61.33039431,56.60704787,62.24287551,67.3658423,21.55250063,75.5114333,8.044735628,16.39568097,45.48853079
"UCHL1-AS1",101410542,3.340733796,2.009061126,2.009263425,1.832414973,1.98656717,4.450253944,0,0,1.080540826,6.283694725,2.238001022,3.534884915,2.841520418,6.576585622,5.553983269,3.222425103,0.962758804,5.351443289,1.851412145,0,5.435463328,0.851811032,2.830352394,2.706211979,9.623691757,1.077625031,7.444789198,0,0.862930577,0
"MMP24-AS1",101410538,342.982003,458.0659368,329.5192017,331.6671102,444.991046,384.9469662,429.4004276,382.890725,457.0687694,385.3999431,389.4121778,376.4652434,491.5830323,687.7229536,459.8698146,455.1675458,541.0704478,735.8234523,419.3448509,558.599156,537.204959,476.1623669,547.6731882,602.5832006,486.9588029,281.2601332,757.2414156,252.068383,336.5429251,506.059905
"CYP19A1",1588,0,2.009061126,2.009263425,0,0.993283585,1.112563486,1.321232085,2.151071489,0,1.047282454,11.19000511,1.767442457,0.947173473,0.939512232,4.443186615,1.611212551,0.962758804,1.78381443,4.628530363,0,0.905910555,2.555433096,0,4.510353298,1.924738351,8.621000251,1.063541314,8.044735628,5.177583464,1.89535545
"CCL3",6348,3.340733796,3.013591689,33.15284651,0,0.993283585,0,0,2.151071489,0,2.094564908,10.0710046,2.651163686,2.841520418,0.939512232,0,8.056062757,6.739311627,1.78381443,5.554236435,1.099604638,1.811821109,4.25905516,4.953116689,3.608282638,1.924738351,3.232875094,3.190623942,0,2.588791732,1.89535545
"LOC401585",401585,45.65669521,33.14950858,37.17137336,19.24035722,34.76492547,16.68845229,31.70957004,12.90642893,52.94650048,49.22227534,44.76002043,41.53489775,33.15107154,52.61268498,34.43469626,46.72516399,51.98897541,34.78438138,25.91977003,38.48616232,44.38961718,23.8507089,12.02899767,28.86626111,46.19372044,2.155250063,49.98644176,4.022367814,10.35516693,65.38976301
"AAK1",22848,4802.86162,4226.060079,3747.276288,2430.698462,3983.067175,3747.113821,3633.388233,1956.399519,3144.373804,4916.991122,2685.601226,4433.629404,3539.587267,3917.766006,3744.49552,3218.397071,3461.1179,4221.396848,4781.271865,3562.719026,5686.400552,3870.62933,3989.381699,4990.254889,5873.33908,1774.848427,3408.649911,1767.16026,2173.722124,2917.899715
"BLNK",29760,50.11100693,49.2219976,58.26863932,22.90518717,22.84552245,20.02614275,34.35203421,58.07893019,29.1746023,45.03314553,66.02103014,64.51164969,50.20019405,3.758048927,66.64779922,56.3924393,43.32414617,38.35201024,35.17683076,16.49406957,42.57779607,51.96047296,37.50216921,47.80974496,18.28501434,109.9177532,5.31770657,37.5420996,63.85686272,53.06995259
"SLC35E3",55508,91.31339041,130.5889732,117.5419104,180.4928749,117.207463,140.1829992,116.2684235,141.9707182,127.5038175,109.9646577,142.1130649,115.767481,118.3966841,99.58829657,106.6364788,144.2035233,141.5255442,157.867577,97.19913762,104.4624406,132.262941,126.0680328,146.4707364,110.0526205,130.8822079,211.2145062,145.70516,215.8670727,215.7326443,135.5179146
"ZAN",7455,0,0,0,0.916207487,0,0,0,1.075535744,0,1.047282454,0,0,0.947173473,12.21365901,0,1.611212551,0,0,0,0,0.905910555,0,0.707588098,0,0,0,2.127082628,1.340789271,0,0
"THEM4",117145,119.1528387,79.35791449,128.5928592,116.3583508,157.93209,159.0965785,100.4136384,137.6685753,81.04056196,139.2885664,91.75804188,104.279105,112.7136432,102.4068333,104.4148854,124.8689727,117.4565741,111.4884019,124.0446137,193.5304162,136.7924938,141.4006313,113.9216838,125.3878217,157.8285448,198.2830058,138.2603708,162.2355018,114.7697668,118.4597156
"NBAT1",729177,43.42953934,38.1721614,34.15747822,50.39141177,59.59701509,51.17792036,42.27942671,67.75875189,70.2351537,40.84401571,52.59302401,58.32560109,59.67192878,62.94731953,49.98584942,35.44667613,51.98897541,68.67685555,49.98812792,53.88062725,64.31964939,43.44236264,59.43740027,72.16565276,62.55399642,20.4748756,69.13018541,38.88288887,37.10601482,65.38976301
"RNF41",10193,900.8845469,1056.766152,846.9045336,573.5458866,959.511943,768.7813689,996.208992,485.0666207,771.5061498,898.5683456,791.1333611,873.1165739,812.6748395,928.238085,583.1682432,735.5185297,684.5215095,1257.589173,903.4891268,665.2608058,1262.839313,883.3280403,1253.138522,1485.710376,1362.714753,534.5020156,917.836154,463.9130879,644.6091412,635.8917533
"TMCO3",55002,522.2680501,438.9798561,659.0384034,636.7642032,675.4328377,855.5613208,845.5885343,933.565026,773.6672315,545.6341586,775.467354,503.7211003,598.6136347,826.7707639,597.6085997,481.7525529,613.277358,484.3056177,334.1798922,615.7785971,469.2616674,553.6771709,527.8607214,474.4891669,472.5232653,692.9128952,563.6768964,1025.703793,780.9521724,696.5431277
"PSG11",5680,3.340733796,2.009061126,3.013895137,5.49724492,0.993283585,7.787944402,0,8.604285954,4.322163304,5.236412271,2.238001022,6.1860486,3.78869389,2.818536695,5.553983269,2.416818827,5.776552823,12.48670101,5.554236435,9.896441739,4.529552774,5.962677225,2.122764295,0.90207066,3.849476703,1.077625031,13.82603708,2.681578543,4.314652886,0
"ECD",11319,338.5276913,321.4497802,288.3293015,345.4102225,326.7902994,308.1800856,240.4642394,335.5671522,316.598462,267.0570258,351.3661604,271.3024172,417.7035014,343.8614768,281.0315534,340.7714546,301.3435056,315.7351541,324.9228315,333.1802052,350.5873847,406.3138623,410.4010971,407.7359381,429.2166524,535.5796406,323.3165595,387.4880994,440.957525,276.7218956
"SNORD114-23",767603,2.227155864,4.018122253,1.004631712,0.916207487,5.959701509,1.112563486,6.606160424,0,6.483244957,5.236412271,2.238001022,4.418606143,2.841520418,3.758048927,3.332389961,4.028031378,0.962758804,5.351443289,6.479942508,6.597627826,0.905910555,2.555433096,2.830352394,1.804141319,7.698953406,1.077625031,2.127082628,1.340789271,2.588791732,4.738388624
"USP9X",8239,2689.290705,3170.298457,2616.060979,3525.566409,2677.892545,2347.508956,2770.623682,2583.436858,2382.592522,2438.073553,2808.691282,2745.721857,2965.600143,2314.958139,2792.542787,2709.253905,2229.74939,3364.274015,3866.674265,2473.01083,3643.572251,3689.19358,3955.41747,4083.673876,4085.257151,4490.463506,2765.207416,3503.482366,4182.624508,2509.450615
"FAM78B",149297,290.6438402,267.2051298,329.5192017,82.4586738,287.058956,288.1539429,224.6094544,122.6110748,181.5308588,406.3455922,147.7080674,263.3489261,160.0723169,291.2487918,238.8212805,174.8165618,308.0828172,255.9773707,301.7801797,266.1043223,363.2701325,191.6574822,244.1178939,338.2764973,355.1142258,59.26937673,278.6478243,60.33551721,73.34909907,191.4309004
"DNM3-IT1",100874284,11.13577932,13.05889732,7.032421987,28.40243209,5.959701509,35.60203155,19.81848127,13.98196468,11.88594909,12.56738945,17.90400817,15.90698212,7.577387781,6.576585622,15.55115315,9.667275308,4.813794019,4.459536074,10.1827668,12.09565101,9.059105547,9.369921353,4.24552859,7.216565276,7.698953406,25.86300075,8.508330512,10.72631417,18.12154212,7.581421798
"CASP10",843,71.26898764,65.29448661,96.4446444,144.7607829,50.65746283,91.23020586,108.341031,102.1758957,59.42974544,91.11357351,105.186048,81.30235303,74.82670434,88.31414979,243.2644672,154.6764049,89.53656876,52.62252568,82.38784046,115.458487,64.31964939,72.40393773,54.48428358,47.80974496,36.57002868,107.7625031,67.00310278,132.7381379,103.5516693,108.0352606
"CANX",821,4554.533741,4010.086008,3762.345763,5814.25271,3527.15001,3257.585887,4262.294706,5443.286402,3748.396126,3623.597291,3752.008713,4801.257435,5296.594059,3764.625513,3763.379063,4153.705957,3726.83933,5369.281434,5811.582724,4123.517391,4976.166677,6949.926211,5800.807231,5552.244909,5049.551065,6290.097308,5615.498138,5786.846495,7156.283277,4155.566823
"TCEAL4",79921,678.1689605,762.4386974,597.7558689,863.0674524,699.2716437,599.671719,548.3113152,907.7521682,847.1440077,540.3977463,557.2622544,644.2327757,1019.158657,666.1141723,790.8872174,799.1614255,789.4622192,959.6921632,759.0789795,824.7034783,905.0046442,988.1007972,1085.440143,1029.262623,960.4444374,696.1457703,925.2809432,738.7748885,689.4815312,843.4331751
"NOL7",51406,377.5029189,341.5403915,352.6257311,364.6505797,339.702986,325.9811014,334.2717175,460.3292986,378.1892891,383.3053782,335.7001532,327.8605758,373.1863482,436.8731878,345.4577593,357.6891864,343.704893,382.6281952,356.3968379,327.682182,328.8455314,401.2029961,495.3116689,391.4986662,346.4529033,410.575137,487.1019218,421.0078312,418.52133,384.7571563
"DZIP3",9666,1289.523245,1106.992681,936.316756,902.4643743,1012.155973,725.3913929,779.5269301,567.882873,812.5667012,856.6770475,754.2063443,972.9770727,1135.660994,676.4488069,991.9414118,920.8079731,859.7436118,1123.803091,1587.585914,975.3493137,1599.83804,1309.233556,1498.671592,1491.1228,1693.769749,744.6388967,927.4080258,728.0485744,944.0460515,699.3861609
"POLD4",57804,282.8487947,223.005785,365.6859433,232.7167016,278.1194038,320.418284,387.1210009,340.9448309,311.1957579,309.9956064,288.7021318,261.5814837,204.5894701,371.1073315,338.7929794,272.2949212,340.8166166,181.9490718,217.5409271,296.8932522,173.9348265,179.7321278,203.7853723,149.7437295,148.2048531,331.9085097,304.1728158,360.672314,288.2188128,369.5943127
"CYP4X1",260293,189.3082484,198.8970515,139.643808,103.531446,110.2544779,86.77995191,89.84378177,58.07893019,115.6178684,143.4776962,98.47204495,210.3256524,156.283623,97.7092721,184.3922445,138.5642794,174.2593435,222.0848965,231.4265181,140.7493936,328.8455314,183.9911829,217.9371343,264.3067032,332.0173656,14.00912541,227.5978412,29.49736397,72.48616849,139.3086255
"UBE2G2",7327,507.7915369,640.8904993,637.9411374,667.9152578,742.9761215,700.9149962,581.3421173,844.2955593,689.3850471,619.9912128,779.943356,675.1630187,607.138196,676.4488069,622.0461261,688.7933657,661.4152982,582.4154113,562.8292921,566.2963884,632.3255672,578.3796908,570.3160073,607.9956245,608.2173191,774.8123976,670.0310278,891.6248655,783.5409642,779.9387675
"KCNA2",3737,958.7905994,1134.115006,1102.080989,363.7343722,1147.24254,757.655734,809.915268,239.844471,694.7877512,1341.568824,569.57126,1045.442213,828.7767885,1056.011748,974.1686653,667.0419963,906.9187932,948.9892766,1288.582853,906.0742215,1550.91887,798.1469371,1328.142861,1874.502831,1438.741918,164.8766298,593.4560532,254.7499616,318.421383,741.0839808
"LOC101929567",101929567,32.29376002,13.05889732,73.33811501,10.99448984,45.6910449,17.80101578,27.74587378,17.20857191,18.36919404,35.60760344,14.54700664,24.7441944,33.15107154,15.97170794,59.9830193,18.52894434,39.47311096,6.243350504,26.8454761,68.17548754,16.30638999,10.22173239,3.537940492,24.35590781,9.623691757,7.54337522,15.95311971,8.044735628,15.53275039,29.37800947
"SLC25A25-AS1",100289019,210.4662291,99.44852575,284.3107746,145.6769904,210.57612,402.747982,147.9779935,278.5637578,204.2222161,369.6907063,190.2300868,233.3024044,137.3401535,138.1082981,138.8495817,178.8445932,150.1903734,100.7855153,123.1189077,192.4308116,87.87332381,87.73653631,32.54905253,72.16565276,52.93030467,107.7625031,107.4176727,170.2802375,126.8507949,177.2157345
"MIR3153",100422936,0,0,1.004631712,0,0,0,0,0,0,0,1.119000511,0.883721229,0,1.879024464,0,0,0,0,0,0,0,0,1.415176197,0,0,0,0,0,0,0
"TICAM1",148022,299.5524637,253.1417019,241.111611,193.3197797,256.2671649,180.2352847,289.3498266,181.7655408,230.155196,346.6504923,196.9440899,325.2094121,181.8573067,504.5180685,248.8184504,305.3247785,251.2800478,304.1403603,239.7578728,234.2157878,265.4317925,214.6563801,237.042013,315.7247308,281.9741685,106.6848781,247.8051262,132.7381379,105.2775304,269.1404738
"ABCG4",64137,237.1920995,269.2141909,199.9217108,102.6152385,233.4216424,263.6775462,169.1177069,46.248037,183.6919404,285.90811,132.0420603,280.1396295,145.8647148,359.8331848,256.594027,194.9567187,294.604194,311.275618,177.7355659,262.8055084,352.3992058,188.2502381,299.3097656,270.6211979,350.30238,21.55250063,344.5873857,33.51973178,79.38961311,181.9541232
"API5",8539,629.1715315,721.2529444,521.4038588,681.6583701,532.4000015,557.3943065,400.3333217,495.8219781,427.8941671,450.3314553,542.7152477,585.9071746,594.8249408,406.8087964,410.9947619,524.4496855,406.2842152,641.2812875,780.3702192,433.2442273,808.9781254,827.9603232,992.038514,925.5244967,783.3685091,1377.20479,411.5904885,848.7196088,1026.887387,496.5831278
"HOXC8",3224,0,0,0,0,0,0,0,0,0,0,0,0,0,0,0,0,0,0,0,0,0,0,0,0,0,0,0,0,0.862930577,0
"ACTRT3",84517,40.08880555,21.09514183,17.07873911,11.91069733,20.85895528,11.12563486,97.77117428,11.83089319,15.12757157,50.2695578,21.26100971,32.69768546,22.73216334,137.1687858,22.21593307,18.52894434,22.14345249,39.24391745,34.25112469,28.58972058,27.17731664,21.2952758,26.88834774,56.83045155,26.94633692,10.77625031,22.33436759,9.3855249,6.903444618,22.7442654
"ZNF292",23036,1606.892956,1597.203595,1872.633512,1893.800875,1967.694782,2077.156028,1492.992256,1429.387004,1364.723063,1486.093802,1920.204877,1657.861025,1674.6027,797.6458848,1629.538691,1619.268614,1389.260954,1157.695565,1764.395774,1673.598259,1874.328938,1902.094035,1527.682704,1648.083095,1834.275649,2683.286328,1194.356896,1548.611608,1893.269687,1095.51545
"PASD1",139135,0,0,0,0,0.993283585,0,0,0,0,0,0,0,0,0.939512232,0,0,0.962758804,0,0,0,0,0,0,0,0.962369176,0,0,0,0,0
"OTX2",5015,0,0,4.01852685,0,0,21.13870624,0,0,0,0,4.476002043,0,0,0,0,0,0,0,0,0,0.905910555,0,0,0,0,0,1.063541314,0,0,0
"ZNRF2",223082,354.1177823,315.4225968,313.4450943,338.0805626,355.5955234,437.23745,340.8778779,379.6641177,341.450901,389.5890729,387.1741767,257.1628775,286.0463887,326.9502567,282.14235,324.6593291,312.8966112,318.4108757,282.3403521,283.6979965,299.8563936,359.4642555,282.3276513,309.4102362,286.7860144,452.6025132,295.6644853,398.2144136,320.1472442,354.4314691
"MAP1LC3C",440738,5.567889659,2.009061126,4.01852685,4.581037433,4.966417924,3.337690458,6.606160424,4.302142977,2.161081652,0,3.357001532,4.418606143,2.841520418,12.21365901,3.332389961,6.444850205,3.851035215,1.78381443,1.851412145,2.199209275,2.717731664,5.110866193,2.122764295,1.804141319,2.887107527,0,4.254165256,1.340789271,2.588791732,3.790710899
"SP140L",93349,34.52091589,43.19481422,48.2223222,46.72658182,22.84552245,42.27741247,52.84928339,63.45660891,41.06055139,30.37119117,71.61603269,45.95350389,46.41150016,26.30634249,58.87222265,91.83911543,48.13794019,49.05489682,31.47400647,52.78102261,32.61277997,40.03511851,33.96422872,19.84555451,17.32264516,58.1917517,29.77915679,60.33551721,44.00945944,49.27924169
"LOC100126447",100126447,1.113577932,0,0,1.832414973,0,1.112563486,0,1.075535744,2.161081652,1.047282454,1.119000511,0,0.947173473,1.879024464,0,0.805606276,0.962758804,3.56762886,3.70282429,0,0,0,1.415176197,0,1.924738351,0,0,0,0.862930577,0.947677725
"RNF208",727800,564.5840115,657.9675189,647.9874545,317.9239979,608.8828375,440.5751405,634.1914007,231.240185,625.6331383,790.6982528,449.8382053,615.9536964,476.4282567,1165.93468,778.6684542,652.5410833,850.1160238,772.3916481,570.2349407,577.2924348,888.6982542,566.4543363,767.0254987,751.4248594,838.2235521,84.05475245,762.5591222,150.1683984,182.0783518,565.7636017
"EIF4G3",8672,2974.366656,3342.073184,2667.297197,2916.28843,3379.150756,2526.631677,2571.117637,2939.439189,3317.260336,2754.352854,2688.958227,2910.094006,3390.881032,2507.558147,2919.173606,2694.752992,2719.793621,3260.812778,3577.853971,2871.067709,3773.11746,3195.994992,3462.936154,3983.544033,3990.944972,2517.332073,2756.699086,2220.347033,2757.063194,2962.440568
"STPG2-AS1",101410545,3.340733796,2.009061126,3.013895137,2.74862246,9.932835848,4.450253944,3.963696255,2.151071489,12.96648991,4.189129816,2.238001022,0.883721229,3.78869389,1.879024464,3.332389961,2.416818827,2.888276412,0.891907215,8.331354653,3.298813913,1.811821109,1.703622064,2.122764295,5.412423957,6.73658423,2.155250063,1.063541314,1.340789271,6.903444618,6.633744074
"MYLK3",91807,34.52091589,19.0860807,16.0741074,18.32414973,17.87910453,5.56281743,15.85478502,11.83089319,11.88594909,17.80380172,4.476002043,22.97675194,16.10194903,89.25366202,24.43752638,20.14015689,23.10621129,16.94623708,20.3655336,16.49406957,35.33051163,18.73984271,27.59593584,14.43313055,26.94633692,10.77625031,32.96978073,9.3855249,10.35516693,11.3721327
"MIA3",375056,1641.413872,1598.208126,1367.303761,1201.148015,1358.811944,1243.845977,1489.02856,1086.291102,1252.346817,1504.944887,1305.873596,1420.140014,1171.653586,1848.02056,1317.404831,1349.390512,1395.037507,1681.2451,1445.027179,1222.760357,1879.764401,1488.965684,1612.593276,1873.60076,2032.523699,1501.131669,1367.71413,968.0498539,1064.856332,1136.265592
"OS9",10956,1486.626539,1592.180943,1368.308392,1604.279309,1402.516422,1366.227961,1639.649017,1813.353265,1714.818291,1405.453053,1336.08661,1749.768033,1774.055914,1839.56495,1689.52171,1658.743322,1743.556194,2232.443759,1463.541301,1561.438586,1656.004494,1833.097341,1885.014694,1775.275058,1622.55443,1414.921666,2444.01794,1856.993141,1395.358743,1940.84398
"OTX1",5013,79.06403316,45.20387534,72.3334833,33.89967701,38.73805981,27.81408715,95.12871011,35.49267956,63.75190874,81.68803142,45.87902094,58.32560109,51.14736752,54.49170944,108.8580721,78.94941502,92.42484517,53.51443289,29.62259432,71.47430145,36.23642219,25.55433096,36.08699302,57.73252221,30.79581362,16.16437547,70.19372673,38.88288887,34.51722309,28.43033174
"AMT",275,203.7847615,139.6297483,210.9726596,181.4090824,166.8716423,183.5729752,199.5060448,167.7835761,193.4168079,210.5037733,170.0880776,226.2326345,160.0723169,178.507324,281.0315534,215.9024819,259.944877,118.6236596,112.0104348,260.6062991,153.0988838,118.4017335,99.76992187,81.18635936,124.1456237,125.0045036,201.0093084,214.5262834,186.3930047,159.2098578
"CCDC28A",25901,218.2612746,213.96501,154.7132837,169.498385,174.8179109,109.0312216,146.6567614,109.7046459,149.114634,161.2814979,168.9690771,182.9302943,164.8081842,130.5922002,177.7274646,169.9829242,117.4565741,247.0582985,219.3923392,112.159673,298.0445725,201.8792146,223.5978391,294.075035,267.5386309,81.89950239,215.8988867,124.6934022,138.9318229,160.1575355
"SLC5A1",6523,2.227155864,1.004530563,1.004631712,2.74862246,2.979850755,0,5.284928339,0,2.161081652,3.141847362,1.119000511,2.651163686,1.894346945,12.21365901,2.221593307,0,6.739311627,6.243350504,8.331354653,4.398418551,0.905910555,3.407244128,2.830352394,7.216565276,5.774215054,0,3.190623942,0,0.862930577,0
"CDH12",1010,312.9153989,266.2005992,197.9124474,117.2745583,250.3074634,96.79302329,144.0142972,17.20857191,249.6049308,234.5912697,176.8020807,288.9768418,206.483817,260.2448882,288.80713,223.1529384,315.7848877,245.2744841,315.6657707,166.0403003,488.285789,260.6541758,290.8187084,342.7868506,562.9859678,18.31962553,312.6811463,28.1565747,117.3585585,217.9658767
"DDB1",1642,2125.820272,2469.136124,1954.008681,2683.571728,2040.204483,1802.352847,1885.398185,1805.824515,2115.698937,1799.231256,1960.488895,2365.721729,2949.498194,2267.982527,2324.897396,2710.059511,2245.153531,4105.44891,2576.24,2666.541246,3584.688065,3066.519716,4146.466257,3504.544512,3749.390309,3119.724466,3422.475949,3031.524543,3553.548117,2175.868056
"CSTF3-AS1",338739,3.340733796,1.004530563,0,3.664829947,1.98656717,2.225126972,0,5.377678721,2.161081652,2.094564908,5.595002554,0,5.683040836,2.818536695,1.110796654,2.416818827,0,0.891907215,4.628530363,3.298813913,0,4.25905516,2.122764295,3.608282638,0,7.54337522,1.063541314,10.72631417,4.314652886,6.633744074
"XLOC_009911",105500240,0,0,0,0,0,0,0,0,0,0,0,0,0,0.939512232,0,1.611212551,0,0,0.925706073,1.099604638,0,0,0,0,0,0,0,0,0,0
"NXPH4",11247,16.70366898,49.2219976,11.05094884,135.598708,74.49626886,89.00507889,30.38833795,172.0857191,123.1816542,52.36412271,117.4950536,30.04652177,66.30214308,62.0078073,35.54549292,51.55880164,27.92000531,82.94737098,66.65083723,25.29090667,34.42460108,51.10866193,48.11599069,59.53666353,34.64529033,23.70775069,23.39790891,85.81051337,113.0439056,124.1457819
"MIR487A",619555,0,2.009061126,0,0,0,1.112563486,2.64246417,2.151071489,2.161081652,5.236412271,1.119000511,2.651163686,1.894346945,4.697561159,2.221593307,0,0.962758804,2.675721645,1.851412145,1.099604638,3.623642219,0.851811032,0,0,0.962369176,0,2.127082628,0,0,1.89535545
"ZNF440",126070,123.6071504,155.7022373,169.7827594,126.4366332,171.8380602,180.2352847,117.5896556,114.0067889,132.9065216,142.4304138,182.3970833,129.0232994,144.9175413,105.22537,156.6223282,175.6221681,114.5682977,153.408041,137.9302048,144.0482075,153.0988838,133.734332,147.1783245,172.295496,154.9414373,206.904006,140.3874535,103.2407739,125.9878643,142.1516587
"PRLHR",2834,17.81724691,22.09967239,10.04631712,2.74862246,9.932835848,11.12563486,15.85478502,5.377678721,6.483244957,5.236412271,6.714003065,16.79070334,8.524561254,30.06439142,13.32955984,8.056062757,25.9944877,21.40577316,12.95988502,20.89248812,34.42460108,7.666299289,18.39729056,18.04141319,28.87107527,1.077625031,23.39790891,17.43026053,8.629305773,15.1628436
"APOE",348,5680.361031,6828.798768,5953.447528,9742.034205,6282.518674,8986.175277,10756.1504,8792.50471,6959.763461,6373.761016,8713.656978,6490.048703,11143.49591,8487.553502,9775.010553,15006.8337,14502.99862,8457.064211,8760.882271,11123.60052,5798.733461,8173.126853,9611.169141,6267.586942,6270.797549,7472.251968,12128.62515,10361.61949,7033.747135,8173.720376
"AUTS2",26053,1541.191858,1388.261238,1448.678929,1534.64754,1463.10672,1515.311468,2133.789817,1347.646288,1657.549627,1688.219316,1433.439654,1373.302789,1351.616545,1541.739572,2131.618778,1403.366132,1990.985206,1593.838193,1065.48769,1979.288348,1309.946662,901.216072,1094.638788,1062.639237,1451.252717,827.6160241,2131.336793,1127.603777,921.6098565,1202.603033
"BCAM",4059,584.6284142,316.4271274,898.1407509,265.7001711,443.9977624,508.4415131,791.4180188,426.9876905,416.008218,820.0221616,408.4351864,390.6047831,261.4198784,543.9775822,716.4638416,585.6757624,671.0428863,410.2773188,345.2883651,374.9651815,306.1977675,267.4686641,295.064237,247.1673607,307.9581362,119.6163785,591.3289706,328.4933715,266.6455484,389.4955449
"BCKDK",10295,486.6335562,479.1610786,466.1491146,437.9471786,431.0850758,475.0646086,531.1352981,407.6280471,487.3239126,560.2961129,386.0551762,481.6280696,424.3337157,513.9131908,525.4068172,509.1431662,538.1821713,605.6049989,355.4711319,484.9256452,504.592179,462.5333904,525.7379571,474.4891669,614.9539033,394.4107615,628.5529166,375.420996,396.9480655,531.6472036
"BCL6B",255877,64.58752005,37.16763084,79.36590528,36.64829947,57.61044792,114.5940391,132.1232085,93.57160975,44.30217387,99.49183314,40.28401839,72.46514075,47.35867363,64.82634399,83.30974903,78.94941502,138.6372678,66.0011339,66.65083723,35.18734841,32.61277997,22.99889787,84.91057181,28.86626111,37.53239785,29.09587585,86.14684644,24.13420688,50.04997348,38.85478672
"BIN1",274,2884.166844,4599.745449,2724.561204,9426.85883,4401.239564,3532.389068,2962.202334,11817.98676,6455.150895,3860.283126,5429.390478,4276.327025,5980.453306,4193.04309,2971.381049,4076.367755,4117.719404,5520.90566,3610.253683,4665.622478,3053.82448,5675.616907,5417.294481,3138.303825,2684.047631,15127.70019,3926.594531,14984.6609,12929.28884,8300.709192
"BLOC1S3",388552,142.5379753,150.6795845,167.773496,183.2414973,180.7776124,179.1227213,212.7183657,191.4453625,192.336267,233.5439873,174.5640797,195.3023915,130.7099392,248.9707414,171.0626847,175.6221681,226.2483189,237.2473192,187.9183327,223.2197415,190.2412165,182.2875609,194.5867271,217.3990289,180.925405,241.388007,165.912445,160.8947126,221.7731584,229.3380094
"CASS4",57091,71.26898764,29.13138633,57.26400761,21.98897968,48.67089566,60.07842825,58.13421173,31.19053658,23.77189817,46.08042798,42.52201941,30.04652177,22.73216334,58.24975837,76.64496911,32.22425103,43.32414617,25.86530923,28.69688825,19.79288348,19.02412165,29.81338612,16.27452626,11.72691857,4.811845879,20.4748756,27.65207416,60.33551721,25.02498674,15.1628436
"CBLC",23624,2.227155864,7.031713942,2.009263425,2.74862246,1.98656717,1.112563486,2.64246417,2.151071489,4.322163304,0,1.119000511,7.953491058,0,11.27414678,2.221593307,0,3.851035215,0.891907215,0.925706073,2.199209275,3.623642219,1.703622064,0.707588098,0.90207066,2.887107527,0,11.69895445,1.340789271,0.862930577,1.89535545
"CCDC83",220047,2.227155864,2.009061126,3.013895137,0.916207487,0.993283585,4.450253944,6.606160424,2.151071489,5.40270413,4.189129816,3.357001532,2.651163686,3.78869389,1.879024464,2.221593307,0,0,6.243350504,1.851412145,5.498023189,1.811821109,0.851811032,2.830352394,0,1.924738351,2.155250063,2.127082628,1.340789271,0.862930577,3.790710899
"CEACAM16",388551,2.227155864,1.004530563,5.023158562,0,11.91940302,7.787944402,14.53355293,4.302142977,0,8.378259633,1.119000511,2.651163686,0,1.879024464,3.332389961,0,1.925517608,0.891907215,0,2.199209275,0.905910555,0,0.707588098,0,0,0,0,0,0,0.947677725
"CEBPB",1051,299.5524637,231.0420295,255.176455,214.3925519,160.9119407,176.8975943,413.5456426,207.5783986,221.5108693,352.934187,248.4181134,217.3954222,181.8573067,298.7648897,146.6251583,393.9414688,186.7752079,279.1669583,205.5067481,205.6260673,144.0397782,260.6541758,179.727377,297.6833176,197.285681,244.6208821,254.1863741,156.8723448,216.5955749,191.4309004
"CHRNA2",1135,102.4491697,104.4711786,95.44001268,10.99448984,49.66417924,43.38997596,101.7348705,9.679821699,42.14109222,102.6336805,61.54502809,150.2326089,21.78498987,232.9990335,108.8580721,49.94758909,131.8979561,39.24391745,43.50818541,160.5422771,124.109746,37.47968541,59.43740027,89.30499529,100.0863943,4.310500126,110.6082967,5.363157085,2.588791732,39.80246444
"CLPTM1",1209,1968.805784,1921.666967,1658.646957,1893.800875,1660.770154,1475.259183,2133.789817,1367.005931,1791.53669,1998.214922,1341.681612,2096.186754,1755.112445,2085.717155,2100.516472,1947.955975,2185.462485,2756.885201,2234.654459,2025.471743,2687.836616,2054.568209,2969.747249,2794.614903,2863.048298,1657.387298,2724.792847,1401.124789,2084.840275,1717.192037
"CNN2",1265,47.88385107,43.19481422,108.5002249,93.45316364,76.48283603,103.4684042,170.4389389,196.8230412,47.54379635,54.45868761,78.33003576,45.95350389,41.6756328,103.3463455,73.31257914,82.97744639,45.24966378,47.27108239,72.20507366,64.87667363,29.89504831,57.92315018,63.68292886,43.29939166,38.49476703,269.4062579,77.63851592,253.4091723,185.5300741,62.54672984
"CR1L",1379,0,1.004530563,0,3.664829947,0,0,0,1.075535744,1.080540826,1.047282454,2.238001022,1.767442457,0,0.939512232,0,1.611212551,0,1.78381443,0,2.199209275,0.905910555,0,1.415176197,1.804141319,0,0,3.190623942,2.681578543,1.725861155,2.843033174
"CTCF",10664,547.8803425,820.7014701,646.9828228,768.6980813,787.6738828,795.4828925,741.2111996,903.4500252,740.1704659,747.7596722,812.3943708,592.0932232,637.4477471,574.0419736,598.7193963,588.8981875,620.0166697,670.7142256,765.558922,619.077411,634.1373883,666.9680381,800.2821393,863.2816212,705.4166058,1032.36478,544.5331528,811.1775092,979.4262052,696.5431277
"ECHDC3",79746,36.74807175,23.10420295,34.15747822,61.3859016,24.83208962,45.61510293,60.7766759,17.20857191,25.93297983,28.27662626,60.42602758,18.5581458,41.6756328,51.67317275,41.09947619,41.08592006,40.43586976,47.27108239,31.47400647,15.39446493,25.36549553,36.62787438,55.19187167,20.74762517,36.57002868,19.39725057,61.68539621,46.9276245,44.87239002,16.11052132
"EPHA1",2041,2.227155864,9.040775068,5.023158562,5.49724492,6.952985094,41.16484898,10.56985668,18.28410765,11.88594909,8.378259633,14.54700664,11.48837597,4.735867363,164.4146406,6.664779922,12.08409414,17.32965847,13.37860822,7.405648581,18.69327884,3.623642219,4.25905516,7.075880984,11.72691857,6.73658423,5.388125157,8.508330512,6.703946357,11.2180975,14.21516587
"EWSR1",2130,1547.873325,1515.83662,1401.461239,1623.519666,1673.68284,1401.829992,1278.952658,1648.796296,1495.468503,1429.54055,1361.823622,1470.512124,1521.160597,1571.803964,1465.140786,1732.053493,1571.222368,1672.326028,1261.737377,1618.618027,1591.684845,1339.046942,1856.003582,1500.143507,1520.543298,1688.638424,1870.769171,1733.640528,1806.976629,1680.232606
"EXOC3L2",90332,5.567889659,2.009061126,7.032421987,3.664829947,1.98656717,8.900507889,13.21232085,13.98196468,8.644326609,9.425542087,3.357001532,5.302327372,3.78869389,46.03609936,6.664779922,4.028031378,0.962758804,5.351443289,4.628530363,8.796837102,2.717731664,2.555433096,0.707588098,0,1.924738351,0,6.381247884,5.363157085,2.588791732,4.738388624
"FLI1",2313,172.6045794,219.9921933,303.3987772,151.1742353,133.1000004,179.1227213,254.9977924,215.1071489,128.5843583,138.2412839,258.489118,168.7907547,142.0760209,136.2292736,362.1197091,261.0164333,166.5572731,105.2450514,165.701387,217.7217183,108.7092666,191.6574822,117.4596243,126.2898923,76.98953406,134.7031289,124.4343337,144.8052413,112.180975,170.5819905
"FOXP1",27086,1298.431869,1114.024395,1096.053198,1006.912028,1180.020899,725.3913929,865.4070156,673.2853759,875.2380691,1030.525935,961.2214388,1075.488735,998.3208401,796.7063725,1123.015417,939.3369174,863.594647,1327.157936,1455.209946,1017.13429,1605.273503,1206.164421,1388.995437,1426.173713,1842.936972,858.8671501,869.9767949,738.7748885,990.6443027,830.1656869
"GLIS1",148979,324.0511782,171.7747263,298.3756186,76.04522139,226.4686573,192.4734831,262.9251849,61.30553742,224.7524918,326.7521257,147.7080674,235.0698468,122.185378,280.9141573,329.9066062,209.4576317,314.8221289,109.7045874,177.7355659,219.9209275,176.6525582,136.2897651,179.0197889,138.9188816,199.2104194,16.16437547,185.0561886,36.20131033,68.1715156,146.8900473
"GLIS3",169792,592.4234598,422.9073671,488.2510123,742.1280642,493.6619417,546.2686717,1001.49392,549.5987653,420.3303814,607.4238234,482.2892202,547.0234405,491.5830323,1070.104432,662.0348056,551.8402988,539.1449302,268.4640717,454.5216816,575.0932255,416.7188552,749.5937082,274.5441822,349.1013452,313.7323513,203.6711309,694.4924781,380.7841531,333.9541334,269.1404738
"GPC2",221914,12.24935725,44.19934478,40.1852685,48.55899679,45.6910449,45.61510293,35.67326629,88.19393103,35.65784726,40.84401571,42.52201941,23.86047317,54.93606141,50.73366051,46.65345946,66.0597146,60.65380464,40.13582467,31.47400647,36.28695304,16.30638999,28.10976406,32.54905253,29.76833176,12.51079928,87.28762755,20.20728497,104.5815632,88.01891888,73.91886253
"HNF1A",6927,84.63192282,52.23558928,105.4863298,32.98346952,87.40895547,78.99200751,114.9471914,44.09696552,102.6513785,117.2956349,63.78302912,74.2325832,40.72845932,92.07219871,75.53417245,65.25410833,80.87173952,62.43350504,52.76524614,57.17944116,67.94329161,34.92425232,60.85257646,60.43873419,44.26898208,17.2420005,68.0666441,30.83815324,34.51722309,76.76189571
"HNF4A",3172,16.70366898,13.05889732,17.07873911,8.24586738,11.91940302,2.225126972,13.21232085,3.226607233,10.80540826,16.75651927,8.952004086,24.7441944,17.04912251,57.31024614,26.65911969,12.08409414,12.51586445,34.78438138,13.88559109,18.69327884,24.45958498,17.88803167,49.53116689,28.86626111,29.83344445,1.077625031,12.76249577,4.022367814,3.451722309,20.84890995
"HSF2",3298,200.4440277,230.037499,148.6854934,194.2359872,232.4283589,165.7719594,108.341031,115.0823246,148.0340932,148.7141085,143.2320654,212.9768161,206.483817,125.8946391,157.7331248,186.0950497,119.3820917,255.9773707,245.3121092,150.6458354,256.372687,229.9889787,255.4393035,304.8998829,289.6731219,246.7761322,177.6113994,185.0289194,267.508479,151.628436
"HSP90AB4P",664618,63.47394212,67.30354773,83.38443213,61.3859016,100.3216421,143.5206897,75.31022884,159.1792902,110.2151643,84.82987878,107.424049,83.06979549,102.294735,63.88683176,69.98018918,66.86532088,72.20691029,34.78438138,50.91383399,71.47430145,45.29552774,28.10976406,16.98211436,23.45383715,33.68292115,73.27850214,38.2874873,73.74340993,55.22755694,108.0352606
"INPP5D",3635,491.087868,497.2426288,555.561337,513.0761925,354.6022398,386.0595297,475.6435505,582.9403734,410.6055139,543.5395937,954.5074357,590.3257807,485.8999915,256.4868393,722.0178249,609.0383444,450.5711202,382.6281952,346.2140711,273.8015548,258.1845081,710.4104008,367.2382231,287.7605404,83.72611829,723.0863961,155.2770318,769.6130418,666.1824056,498.4784832
"IRF3",3661,248.3278788,309.3954135,277.2783526,330.7509027,286.0656724,293.7167603,310.4895399,402.2503684,395.4779424,309.9956064,330.1051507,291.6280054,195.1177354,457.5424569,265.4804002,319.0200852,275.3490179,237.2473192,271.2318793,214.4229044,272.679077,245.3215772,344.5954039,296.781247,164.5651291,438.5933878,338.2061379,411.6223063,393.4963432,414.1351657
"IRF9",10379,364.1399837,395.7850419,378.7461556,510.3275701,310.8977621,449.4756484,416.1881067,630.2639462,462.4714736,353.9814695,428.5771956,418.8838624,458.4319607,326.9502567,465.4237979,687.1821531,519.8897541,372.8172158,332.3284801,389.2600418,325.2218892,542.6036274,205.2005485,309.4102362,204.0222653,717.6982709,412.6540298,532.2933407,319.2843136,405.6060662
"KLC3",147700,81.29118903,49.2219976,69.31958816,41.2293369,86.41567188,56.74073779,76.63146092,40.87035828,86.44326609,116.2483524,51.4740235,49.4883888,52.09454099,164.4146406,47.76425611,64.44850205,69.31863388,51.73061846,52.76524614,68.17548754,48.0132594,53.66409502,54.48428358,45.10353298,54.85504302,26.94062579,38.2874873,16.08947126,48.32411233,53.06995259
"KLF13",51621,2159.22761,2796.613088,2902.381017,5204.974732,3770.504488,4219.953303,2750.805201,5118.474607,3738.671258,2772.156656,3736.342706,2541.582254,2510.956876,3047.77768,2176.050645,2146.940725,3034.61575,3056.566025,2869.688825,3108.582311,2743.09716,3012.003809,2921.631258,3527.998349,2648.439972,7491.649219,2836.464685,5754.667553,4360.388207,3269.488151
"LEF1",51176,175.9453132,77.34885336,270.2459307,94.36937112,98.3350749,193.5860466,228.5731507,153.8016114,103.7319193,146.6195436,129.8040593,126.3721357,56.83040836,120.2575657,294.3611132,99.08957191,165.5945143,64.21731947,116.6389651,151.74544,73.37875493,71.5521267,67.92845745,50.51595693,50.04319714,70.04562704,116.9895445,85.81051337,66.44565445,113.721327
"LILRA1",11024,18.93082484,34.15403915,40.1852685,37.56450695,8.939552264,11.12563486,9.248624594,44.09696552,15.12757157,34.56032099,55.95002554,35.34884915,48.3058471,17.8507324,14.4403565,57.19804557,25.9944877,23.18958759,21.29123967,9.896441739,19.02412165,45.1459847,29.01111203,14.43313055,0.962369176,99.14150289,4.254165256,26.81578543,36.24308425,37.90710899
"MAF",4094,959.9041773,835.7694286,1106.099515,669.7476727,568.1582105,673.1009091,1093.980166,927.1118116,652.646659,943.6014911,999.2674561,1034.837559,693.330982,529.8848987,893.0805096,644.4850205,991.641568,595.7940195,508.2126338,506.917738,657.6910627,662.708983,630.4609957,673.8467827,513.9051398,503.2508897,402.0186167,560.4499154,605.7772652,519.3273932
"MAFG",4097,1403.108194,1265.70851,1173.40984,971.1799358,1311.134332,1221.594708,1959.387182,1125.010389,1281.52142,1812.845928,1163.760531,1088.744554,1030.524738,2000.221541,1049.702838,1167.323493,1395.037507,1785.598244,1203.417894,1301.931891,1114.269982,952.3247339,1105.25261,1363.930837,1232.794914,712.3101458,1242.216255,805.8143521,814.6064649,1363.708246
"MAFK",7975,434.2953934,795.588206,521.4038588,1487.920958,1941.869408,1634.355761,1005.457617,3046.992764,1746.153975,564.4852428,1257.756574,574.4187986,1310.888086,1584.957135,755.3417245,951.4210116,1026.300885,953.4488127,837.7639957,910.47264,567.1000073,866.2918196,602.8650598,718.048245,498.507233,1787.779927,730.6528827,1684.031325,906.0771061,1956.954502
"MEF2A",4205,1498.875896,1529.900048,1188.479316,1456.769904,1103.538063,1130.364502,1222.139678,715.23127,1012.466754,1145.727005,1033.956472,1457.256306,1235.114208,934.8146706,1131.90179,1110.931054,1088.880207,1296.83309,1323.759684,1032.528755,1917.812644,1592.88663,1616.131217,1730.171525,1993.066563,1398.757291,1281.567283,882.2393406,1115.769236,897.4508054
"MEPCE",56257,521.1544721,611.759113,698.2190402,483.7575529,652.5873152,789.9200751,860.1220872,622.7351959,698.0293737,950.9324683,635.5922901,576.1862411,453.6960934,905.6897914,593.1654131,576.0084871,601.7242524,791.1216996,507.2869278,615.7785971,634.1373883,462.5333904,663.7176363,809.1573816,609.1796882,688.6023951,572.1852269,636.8749039,463.39372,703.1768718
"MIR4531",100616355,2.227155864,1.004530563,2.009263425,1.832414973,0.993283585,1.112563486,1.321232085,2.151071489,3.241622478,1.047282454,0,1.767442457,0.947173473,0.939512232,3.332389961,2.416818827,1.925517608,0.891907215,0.925706073,2.199209275,0.905910555,0.851811032,0.707588098,0,0,0,0,1.340789271,0,0.947677725
"MIR6843",102465508,24.4987145,11.04983619,12.05558055,14.65931979,11.91940302,21.13870624,36.99449838,5.377678721,11.88594909,19.89836663,15.66600715,21.20930949,14.20760209,22.54829356,18.88354311,20.94576317,11.55310565,12.48670101,12.95988502,19.79288348,9.059105547,8.518110321,3.537940492,1.804141319,5.774215054,7.54337522,31.90623942,5.363157085,11.2180975,13.26748815
"MIR8085",102465879,0,0,1.004631712,0,0,0,1.321232085,0,0,2.094564908,1.119000511,0,0,6.576585622,2.221593307,4.028031378,0.962758804,0.891907215,0,0,0.905910555,0.851811032,0.707588098,0,0.962369176,0,0,1.340789271,1.725861155,1.89535545
"MLXIPL",51085,659.2381357,445.0070395,531.4501759,198.8170246,448.9641803,587.4335206,494.1407997,290.394651,466.7936369,872.3862843,313.320143,541.7211131,391.1826442,702.7551494,798.662794,659.7915398,419.7628385,429.8992776,243.4606971,495.9216916,373.2351486,373.9450431,298.6021775,374.3593237,278.1246918,278.0272581,477.53005,222.571019,291.6705351,428.3503316
"NECTIN2",5819,371.9350292,257.1598242,361.6674165,304.1808856,251.300747,302.6172682,450.5401409,279.6392935,222.5914102,280.6716977,240.5851098,313.7210362,233.0046743,460.3609936,450.9834414,561.5075741,367.7738631,351.4114427,315.6657707,363.9691351,167.5934526,298.9856723,263.9303607,282.3481164,255.9902007,261.8628826,589.201888,304.3591646,277.0007153,395.1816112
"NFATC2",4773,240.5328333,292.3183939,357.6488896,341.7453925,166.8716423,131.2824914,220.6457582,239.844471,156.6784198,225.1657276,311.082142,242.1396166,248.1594498,99.58829657,228.8241107,281.1565902,169.4455495,161.4352059,112.0104348,170.4387188,96.0265188,260.6541758,147.1783245,98.32570189,96.23691757,243.5432571,47.85935913,158.213134,219.1843666,205.6460663
"NFE2",4778,25.61229243,5.022652816,33.15284651,4.581037433,9.932835848,14.46332532,21.13971336,17.20857191,8.644326609,12.56738945,24.61801124,3.534884915,4.735867363,11.27414678,27.76991634,7.250456481,1.925517608,5.351443289,8.331354653,4.398418551,6.341373883,9.369921353,6.368292886,0.90207066,14.43553764,1.077625031,7.444789198,6.703946357,9.49223635,3.790710899
"NFKB1",4790,299.5524637,387.7487974,436.0101632,464.5171957,414.1992549,463.9389737,384.4785367,658.2278755,425.7330855,447.1896079,500.1932283,354.3722127,348.5598379,366.4097704,265.4804002,392.3302563,321.5614405,307.7079891,347.1397772,321.0845542,233.7249231,350.9461452,289.4035322,323.8433668,231.9309714,716.6206459,235.0426304,569.8354403,462.5307894,421.7165875
"NKPD1",284353,63.47394212,40.18122253,69.31958816,47.64278931,46.68432849,64.52868219,63.41914007,63.45660891,59.42974544,133.0048717,40.28401839,60.97676478,51.14736752,108.0439067,74.4233758,54.78122675,100.1269156,89.19072149,32.39971254,85.76916174,56.16645439,34.92425232,46.70081449,49.61388627,53.89267384,19.39725057,56.36768964,44.24604596,43.14652886,108.0352606
"NR1H2",7376,709.3491426,629.8406631,753.4737844,988.5878781,776.7477633,755.430607,849.5522305,997.021635,837.4191402,746.7123898,796.7283637,677.8141824,814.5691865,1231.700536,841.9838635,895.8341785,901.1422404,776.8511842,810.9185196,800.5121763,722.0107121,853.5146542,798.159375,814.5698056,724.6639893,1189.698035,644.5060363,1073.972206,984.6037887,987.4801892
"NR3C1",2908,1002.220139,1191.373248,1145.280152,1167.248338,1318.087317,1234.94547,942.0384765,1126.085924,883.8823957,1167.719936,1286.850587,1124.977124,1075.041891,1036.281992,1038.594871,965.9219245,1077.327102,878.5286067,1356.159396,944.5603838,1374.266312,1323.714344,1451.26319,1412.642653,1142.332212,1809.332428,627.4893753,1263.023494,1568.807789,945.7823693
"NR3C2",4306,1083.511328,809.6516339,914.2148583,538.7300021,718.1440318,709.8155041,791.4180188,467.8580488,601.8612401,866.1025895,633.3542891,939.395666,700.9083697,735.6380775,891.9697129,667.0419963,891.5146524,567.2529887,860.9066475,829.1018968,1097.057682,734.2611097,979.3019282,790.2138978,987.3907743,535.5796406,761.4955808,480.0025591,612.6807099,469.1004738
"ONECUT2",9480,76.8368773,67.30354773,162.7503374,6.413452406,23.83880604,133.5076183,44.92189088,4.302142977,24.852439,89.0190086,45.87902094,80.41863181,9.471734726,166.293665,78.86656241,37.86349496,39.47311096,19.62195873,68.50224937,69.27509218,38.95415385,51.96047296,48.11599069,44.20146232,139.5435305,4.310500126,56.36768964,4.022367814,8.629305773,6.633744074
"PICALM",8301,1898.650374,2180.835853,2187.083238,4288.767245,2809.999262,2628.987518,1980.526895,3482.58474,2219.430857,1763.623653,2727.004245,2021.954171,2716.493519,925.4195483,1805.044562,2338.675018,1442.212688,1641.109275,3066.864218,2074.953951,1990.285489,2994.115778,2724.214179,2600.669711,2043.10976,7257.804587,1053.969442,3386.833699,4363.839929,1965.483601
"POU3F3",5455,1830.72212,1837.2864,2546.741391,3164.580659,2534.859709,2660.139295,2754.768897,3847.191357,3083.863518,2750.163724,2288.356045,1942.419261,2026.004058,2700.158154,2348.224126,1681.300297,2909.457105,1252.23773,1846.783615,2223.400577,1546.389317,1260.680328,1646.557505,1471.277246,1231.832545,4090.664619,1700.602561,3742.142856,3485.376602,2464.909762
"POU4F1",5457,24.4987145,9.040775068,16.0741074,7.329659893,13.90597019,16.68845229,21.13971336,20.43517914,12.96648991,7.330977179,11.19000511,5.302327372,15.15477556,15.03219571,23.32672973,20.94576317,22.14345249,15.16242265,5.554236435,15.39446493,7.247284438,6.814488257,2.830352394,5.412423957,4.811845879,10.77625031,21.27082628,8.044735628,16.39568097,5.686066349
"PPARA",5465,841.8649165,625.8225409,1318.076807,687.155615,915.8074652,979.0558677,1174.575323,785.1410933,726.1234351,1004.343873,901.9144117,613.3025327,711.3272779,429.3570899,860.8674066,830.5800702,826.0470537,395.1148962,581.3434136,793.9145484,539.0167801,496.6058317,537.0593667,469.9788136,410.931638,775.8900226,452.0050585,819.2222448,824.9616319,556.2868245
"PPARG",5468,89.08623455,80.36244505,70.32421987,38.48071444,52.64403,47.8402299,85.88008551,39.79482254,54.0270413,71.21520688,81.68703729,60.97676478,41.6756328,77.97951524,52.20744272,65.25410833,78.94622192,44.59536074,77.7593101,29.68932522,66.1314705,48.55322883,43.8704621,64.04701683,76.98953406,24.78537572,70.19372673,33.51973178,29.33963963,34.11639809
"PPP1R37",284352,1080.170594,883.9868956,1032.7614,716.4742545,978.3843311,1060.273002,1317.268389,865.8062742,1286.924124,1427.445985,869.4633969,988.0003336,1039.996473,2176.849841,1168.55808,1027.148001,1444.138206,1478.782162,929.4088969,1024.831522,1029.11439,842.4411107,1137.801662,1287.254831,1139.445104,613.1686429,1600.629678,638.2156932,745.5720188,1263.254407
"SLTM",79811,944.3140862,1128.087822,1136.238467,1336.746723,1626.998512,1801.240284,1099.265095,2070.406308,1581.911769,984.4455069,1388.679634,1021.58174,1541.05124,807.0410071,1003.049378,1148.794549,1048.444337,1103.289225,923.8546604,1286.537426,1012.808,1063.911979,1163.274834,1377.461897,887.30438,1385.82579,905.0736582,1142.352459,1213.280392,1484.063317
"PROX1",5629,371.9350292,714.2212304,319.4728846,1348.65742,475.7828371,886.7130984,447.8976768,1163.729675,745.57317,246.1113767,875.0583994,671.6281338,647.8666553,343.8614768,329.9066062,365.7452492,491.00699,367.4657725,617.4459504,643.2687131,614.2073561,787.0733937,764.9027344,339.178568,484.0716954,3222.098844,409.4634059,1567.382658,1713.780126,671.9035069
"PRSS8",5652,21.15798071,10.04530563,19.08800254,23.82139465,30.79179113,53.40304733,22.46094544,25.81285786,15.12757157,30.37119117,14.54700664,20.32558826,22.73216334,121.1970779,19.99433977,7.250456481,12.51586445,6.243350504,10.1827668,13.19525565,6.341373883,3.407244128,7.075880984,1.804141319,6.73658423,5.388125157,9.571871826,10.72631417,14.66981981,20.84890995
"PTK2B",2185,3612.446811,4170.810898,2807.945636,1510.826145,2684.84553,2111.645497,3741.729264,677.5875189,2719.721259,2948.100108,2889.259319,3739.90824,3563.266604,7062.313446,3445.69122,3523.72185,4276.574607,7700.726893,4152.717442,2839.179175,6778.022771,3719.858777,5117.277128,5370.026636,6050.415008,675.6708947,8095.676482,1013.636689,1178.763169,3497.878482
"PVRIG",79037,574.6062129,490.2109148,748.4506258,886.8888471,668.4798526,1501.960706,680.4345237,1831.637373,1037.319193,754.043367,772.1103524,609.7676478,550.3077876,481.0302627,698.6910952,482.5581591,785.6111839,241.7068552,418.4191448,796.1137577,246.4076709,193.3611043,251.901363,165.9810014,138.5811613,487.0865142,476.4665087,1191.961662,855.1642021,1033.916398
"RARA",5914,291.7574182,231.0420295,341.5747822,190.5711572,221.5022394,291.4916334,280.101202,169.9346476,292.8265639,336.1776678,217.0860991,346.4187216,254.7896641,1146.204923,296.5827065,335.937817,337.9283401,312.1675252,224.9465756,267.203927,304.3859464,224.8781125,247.6558344,366.2406878,287.7483835,118.5387535,516.8810786,146.1460306,164.8197403,265.3497629
"RELB",5971,52.3381628,50.22652816,49.22695391,109.0286909,59.59701509,40.0522855,58.13421173,65.6076804,36.73838809,49.22227534,109.6620501,61.860486,71.98518392,245.2126925,104.4148854,122.4521539,82.79725713,82.05546377,75.90789795,65.97627826,33.51869053,85.18110321,78.54227892,57.73252221,77.95190323,88.36525258,58.49477227,80.44735628,81.11547426,70.12815164
"REST",5978,285.0759506,259.1688853,468.158378,573.5458866,363.5417921,401.6354185,486.2134072,505.5017998,278.7795331,324.6575608,547.1912498,296.0466116,456.5376138,134.3502491,353.2333359,435.8329951,312.8966112,227.4363398,326.7742436,461.8339478,192.0530376,323.6881922,375.0216921,206.574181,190.5490968,870.7210254,165.912445,587.2657009,744.7090882,282.407962
"RFX2",5990,299.5524637,169.7656652,379.7507873,188.7387422,263.22015,358.2454425,443.9339805,132.2908965,211.7860019,374.9271186,219.3241001,217.3954222,155.3364495,212.3297644,355.4549292,224.7641509,365.8483455,94.54216478,132.3759684,258.4070899,140.416136,101.3655128,135.8569149,110.9546911,127.0327312,66.81275195,221.2165933,135.4197164,115.6326974,122.2504265
"RHOXF1",158800,20.04440277,15.06795845,7.032421987,6.413452406,2.979850755,21.13870624,15.85478502,7.52875021,10.80540826,15.70923681,8.952004086,22.09303072,9.471734726,12.21365901,21.10513642,12.08409414,9.627588038,8.027164934,7.405648581,18.69327884,6.341373883,10.22173239,9.198645279,5.412423957,1.924738351,1.077625031,11.69895445,1.340789271,0.862930577,1.89535545
"RIN3",79890,380.8436527,316.4271274,355.6396262,617.523846,244.3477619,272.5780541,377.8723763,452.8005483,381.4309116,425.1966764,521.454238,334.9303457,383.6052564,319.4341588,378.7816589,419.7208696,402.43318,256.8692779,236.9807546,292.4948336,162.1579893,373.9450431,211.5688414,183.1203439,139.5435305,343.762385,266.9488698,379.4433638,330.5024111,294.7277724
"RPAIN",84268,200.4440277,261.1779464,219.0097133,301.4322631,250.3074634,206.9368084,218.003294,326.9628663,288.5044006,231.4494224,274.1551251,267.7675323,322.9861542,316.6156221,208.8297709,285.9902279,317.7104053,307.7079891,215.6895149,295.7936475,318.8805153,271.7277192,264.6379488,285.9563991,258.8773083,368.5477607,354.1592576,402.2367814,287.3558822,282.407962
"RREB1",6239,368.5942955,323.4588413,508.3436465,357.3209198,325.7970158,387.1720932,509.9955847,375.3619748,263.6519616,379.1162484,409.5541869,339.3489518,340.9824501,344.8009891,498.7476975,555.0627239,397.619386,266.6802572,224.9465756,343.076647,149.4752415,309.2074047,220.7674867,189.4348385,155.9038065,325.4427595,285.0290722,370.0578389,286.4929517,296.6231279
"RTFDC1",51507,726.0528116,793.5791449,756.4876795,1197.483185,824.4253754,577.4204493,742.5324317,1132.539139,867.6742834,687.0172899,765.3963494,694.6048857,881.818503,893.4761324,712.020655,828.1632514,765.3932491,886.5557716,994.2083219,773.0220603,856.9913848,1097.132609,1282.857222,990.4735842,883.4549033,1603.506047,972.076761,1411.851103,1597.284499,872.8111845
"RXRA",6256,2329.605033,1896.553703,3157.557472,1332.165686,2740.469411,2712.429779,3067.900901,3116.902587,3234.058693,3134.516385,2494.252139,1740.93082,1600.723169,2571.444978,2249.363224,2160.636031,2095.925916,1939.898192,1491.312483,2088.149207,1159.56551,1041.764892,1334.511154,1997.18444,1154.843011,1012.96753,1821.846271,1655.87475,1388.455299,1994.861611
"RXRB",6257,624.7172198,741.3435556,729.3626233,770.5304963,784.694032,737.6295913,713.4653258,823.8603801,779.0699356,726.8140231,676.995309,789.1630572,631.7647062,907.5688159,656.4808223,664.6251774,760.579455,839.2846892,750.7476249,734.535898,759.1530449,701.0404794,805.9428441,866.8899038,714.0779284,855.634275,711.5091391,860.7867122,831.8650765,757.1945021
"RXRG",6258,155.9009105,76.3443228,167.773496,98.95040856,99.32835848,55.6281743,144.0142972,75.2875021,87.52380691,129.8630243,142.1130649,77.76746812,54.93606141,78.91902747,123.2984286,98.28396563,135.7489913,66.89304112,64.79942508,101.1636267,91.49696603,28.96157509,106.1382148,71.2635821,90.46270252,25.86300075,73.38435067,61.67630648,46.59825117,42.64549762
"SCIMP",388325,70.15540971,42.19028365,46.21305877,46.72658182,40.72462698,47.8402299,47.56435505,52.70125147,54.0270413,54.45868761,79.44903627,51.25583126,22.73216334,26.30634249,47.76425611,78.14380874,63.54208105,22.29768037,29.62259432,46.18339478,25.36549553,55.36771709,16.98211436,36.98489704,17.32264516,64.65750189,36.16040468,53.63157085,39.69480655,47.38388624
"SH3GL1P1",6458,219.3748526,155.7022373,180.8337082,87.03971123,204.6164185,280.3659985,249.712864,166.7080404,226.9135735,313.1374538,180.1590822,208.55821,89.9814799,176.6282996,195.5002111,127.2857916,221.4345249,94.54216478,109.2333166,137.4505797,99.65016102,46.84960677,34.67181682,42.397321,68.32821148,26.94062579,147.8322426,64.35788503,71.62323791,153.5237914
"SLCO3A1",28232,566.8111673,882.982365,721.3255696,2531.481286,1150.222391,1080.299145,665.9009708,1798.295764,1117.279214,799.0765125,1214.115554,936.7445023,925.3884828,763.8234444,613.1597528,685.5709406,672.9684039,645.7408236,953.4772548,865.3888499,638.6669411,910.5859933,948.8756399,620.6246138,533.1525234,3427.925225,499.8644176,2133.195731,2446.408187,1037.707109
"SMLR1",100507203,31.18018209,31.14044746,51.23621734,14.65931979,29.79850755,17.80101578,30.38833795,27.96392935,22.69135735,58.64781743,53.71202452,32.69768546,14.20760209,71.40292961,24.43752638,24.16818827,58.72828703,16.94623708,16.66270931,40.6853716,49.82508051,20.44346477,17.68970246,16.23727187,38.49476703,14.00912541,34.03332205,13.40789271,12.08102808,30.32568719
"SOX13",9580,377.5029189,379.7125529,686.1634596,349.0750524,578.0910464,818.8467257,689.6831483,929.2628831,769.3450682,414.7238518,656.8532998,410.0466501,432.858277,416.2039187,594.2762097,440.6666328,555.5118298,365.6819581,310.1115343,509.1169473,271.7731664,215.5081911,264.6379488,288.6626111,214.6083262,464.4563885,442.4331866,596.6512258,547.097986,561.0252131
"SOX8",30812,478.8385107,1279.771937,1064.909615,5260.863388,1911.077617,1974.800188,942.0384765,5964.921238,2881.802383,978.1618121,2750.503256,1134.698058,1507.900168,1101.108336,920.8504259,1402.560526,1455.691311,1090.802524,1435.770119,1478.968238,824.3786048,1844.170884,1648.680269,983.2570189,726.5887277,7916.233481,835.9434728,6934.562112,5173.268811,2812.707487
"SP2",6668,273.9401712,277.2504354,289.3339332,428.7851037,276.1328366,339.3318633,260.2827207,376.4375105,296.0681864,301.6173468,264.0841205,270.418696,296.4652969,282.7931818,318.7986396,321.436904,359.1090338,310.3837108,249.9406396,311.1881125,318.8805153,255.5433096,344.5954039,245.3632194,284.861276,390.1002614,341.3967618,387.4880994,351.2127449,259.6636966
"SP4",6671,359.685672,333.504147,374.7276288,370.1478246,295.9985083,428.3369421,352.7689667,317.2830446,285.2627781,225.1657276,406.1971854,301.348939,322.9861542,150.3219571,297.6935032,261.0164333,266.6841887,223.8687109,326.7742436,273.8015548,335.1869053,296.4302392,345.302992,267.9149859,311.8076129,455.8353883,176.5478581,352.6275784,426.2877052,196.169289
"SPI1",6688,183.7403588,261.1779464,201.9309742,208.895307,114.2276123,117.9317295,128.1595122,257.0530429,128.5843583,195.8418189,266.3221216,234.1861256,183.7516537,151.2614693,207.7189742,389.1078311,160.7807202,224.7606181,155.5186202,115.458487,79.72012882,285.3566958,186.803258,146.1354468,88.53796417,338.3742599,84.01976381,214.5262834,174.3119766,265.3497629
"SRF",6722,660.3517136,625.8225409,806.7192651,666.0828428,760.855226,753.2054801,1010.742545,641.0193036,846.0634668,852.4879176,647.9012957,714.930474,593.8777673,1225.12395,702.0234851,761.2979305,1021.487091,774.1754625,559.1264678,738.9343165,668.5619894,590.3050452,704.0501579,753.2290007,770.8577098,491.3970143,844.4518033,547.0420227,554.0014306,756.2468244
"STAT1",6772,573.4926349,948.2768516,568.6215493,1001.414783,653.5805988,502.8786957,454.5038372,898.0723465,695.868292,490.1281885,703.8513213,731.7211773,1046.626687,759.1258833,909.7424594,2341.091837,981.0512211,1293.265462,945.1459001,798.312967,1265.557045,1378.23025,1151.245836,1188.027059,1214.5099,2560.437075,1036.952781,1246.934022,1104.551139,845.3285305
"SUZ12",23512,317.3697106,359.6219416,304.4034089,364.6505797,324.8037322,410.5359264,281.4224341,315.1319731,291.746023,256.5842013,342.4141563,288.0931205,322.9861542,161.5961039,281.0315534,283.573409,236.8386657,267.5721645,344.362659,290.2956244,305.2918569,333.0581135,291.5262965,349.1013452,281.0117993,489.2417643,249.9322088,320.4486359,334.817064,220.8089099
"T",6862,0,0,0,0.916207487,2.979850755,0,3.963696255,2.151071489,0,2.094564908,0,0,0.947173473,0,0,0,0,1.78381443,0.925706073,0,0.905910555,0.851811032,0.707588098,0.90207066,0,1.077625031,0,0,0.862930577,1.89535545
"TAL1",6886,105.7899035,149.6750539,185.8568668,104.4476535,81.44925396,110.1437851,186.293724,194.6719697,106.9735418,190.6054066,249.5371139,113.1163173,187.5403476,51.67317275,158.8439215,93.45032798,128.0469209,76.70402048,61.09660079,57.17944116,68.84920216,108.1800011,83.49539561,62.24287551,29.83344445,149.7898794,31.90623942,119.3302452,185.5300741,115.6166824
"TCF3",6929,485.5199783,420.898306,512.3621734,490.1710054,527.4335835,647.5119489,527.1716018,692.6450193,522.9817598,554.0124182,638.9492917,445.3954992,343.8239706,554.3122167,480.9749511,463.2236085,611.3518404,396.0068034,314.7400647,447.5390875,304.3859464,351.7979563,290.1111203,297.6833176,310.8452438,488.1641392,558.3591899,502.7959768,434.0540804,382.8618008
"TCF7L2",6934,472.1570431,366.6536556,492.2695391,371.9802396,344.6694039,334.8816093,502.0681922,335.5671522,347.934146,353.9814695,312.2011425,379.1164071,339.0881032,403.9902597,739.7905714,541.3674172,457.3104318,316.6270613,340.6598347,520.1129936,346.9637425,292.171184,304.9704704,257.9922086,378.2110861,174.5752551,444.5602693,235.9789118,284.7670905,234.076398
"TGIF1",7050,105.7899035,46.20840591,144.6669666,172.2470075,105.28806,117.9317295,140.050601,104.3269672,69.15461287,72.26248933,114.1380521,105.1628262,82.40409212,148.4429326,115.522852,99.08957191,74.1324279,60.64969061,97.19913762,75.87272,45.29552774,85.18110321,70.75880984,50.51595693,40.41950538,76.51137723,123.3707924,151.5091877,119.9473502,89.08170613
"TOMM40",10452,232.7377878,317.431658,235.0838207,309.6781305,289.0455232,283.7036889,252.3553282,331.2650092,290.6654822,363.4070116,223.8001022,266.0000898,316.3559399,492.3044094,264.3696036,327.8817542,367.7738631,521.7657207,302.7058857,340.8774377,341.5282791,356.9088224,421.0149185,442.0146232,389.7595162,440.7486379,433.9248561,360.672314,354.6644673,357.2745022
"TP63",8626,3.340733796,3.013591689,9.041685412,1.832414973,1.98656717,7.787944402,5.284928339,1.075535744,6.483244957,10.47282454,5.595002554,4.418606143,8.524561254,5.637073391,6.664779922,4.028031378,4.813794019,5.351443289,3.70282429,6.597627826,2.717731664,5.962677225,1.415176197,2.706211979,10.58606093,2.155250063,6.381247884,2.681578543,1.725861155,4.738388624
"TP73",7161,26.72587037,36.16310027,59.27327104,92.53695615,64.56343301,275.9157445,47.56435505,143.046254,86.44326609,70.16792442,77.21103524,52.13955249,77.66822476,100.5278088,62.20461261,49.14198282,41.39862857,56.19015454,27.77118218,47.28299942,21.74185331,17.03622064,32.54905253,8.118635936,14.43553764,58.1917517,51.04998307,168.9394482,128.576656,93.82009476
"VDR",7421,16.70366898,6.027183379,16.0741074,13.7431123,3.973134339,8.900507889,5.284928339,4.302142977,15.12757157,17.80380172,4.476002043,13.25581843,7.577387781,41.3385382,16.66194981,13.69530669,20.21793488,21.40577316,11.10847287,6.597627826,13.58865832,15.33259858,12.73658577,15.33520121,15.39790681,11.85387535,32.96978073,4.022367814,6.040514041,13.26748815
"ZC3HAV1",56829,618.0357522,316.4271274,460.1213243,372.8964471,298.978359,408.3107994,731.962575,379.6641177,410.6055139,523.6412271,420.7441921,448.0466629,396.865685,326.9502567,516.520444,538.1449921,405.3214564,335.3571128,426.7504995,402.4552974,284.4559142,496.6058317,342.4726396,277.8377631,277.1623226,387.9450113,330.7613487,336.5381071,350.3498144,253.9776302
"ZNF263",10127,350.7770485,382.7261446,395.8248947,311.5105455,481.7425386,420.5489977,439.9702842,522.7103717,480.8406676,455.5678675,422.9821931,402.093159,393.0769911,616.320024,273.2559768,374.6069182,340.8166166,601.1454628,330.4770679,411.2521345,375.9528802,382.4631534,492.4813165,455.5456831,389.7595162,519.4152651,455.1956824,525.5893944,511.7178323,489.001706
"ZNF296",162979,14.47651311,26.11779464,27.12505624,24.73760214,19.8656717,48.95279339,35.67326629,33.34160807,47.54379635,30.37119117,41.4030189,31.81396423,23.67933682,42.27805043,32.21310296,39.47470751,66.43035747,24.0814948,23.14265181,49.4822087,14.49456888,19.59165374,22.64281915,31.57247308,9.623691757,9.698625283,41.47811125,17.43026053,23.29912559,32.22104264
"ZNF652",22834,1260.570219,1813.177667,1794.272238,3421.118755,2316.33732,2739.131303,1440.142972,5117.399071,3067.655405,1365.65632,2533.417156,1452.8377,1838.46371,580.6185592,1124.126214,1413.033408,1036.891232,1048.882885,1368.193575,1572.434632,972.9479358,1546.888834,1316.821451,1378.363968,934.4604696,8864.543509,655.1414494,6004.054357,3424.108531,2094.367772
"ZNF728",388523,37.86164968,55.24918097,58.26863932,43.06175187,37.74477622,12.23819835,39.63696255,40.87035828,23.77189817,59.69509988,26.85601226,40.65117652,51.14736752,26.30634249,27.76991634,62.8372895,44.28690498,46.37917517,50.91383399,41.78497623,49.82508051,70.70031566,72.88157413,52.32009825,79.87664159,89.44287761,63.81247884,58.99472794,56.09048752,42.64549762
"ZSCAN4",201516,1.113577932,1.004530563,0,0,1.98656717,3.337690458,0,0,1.080540826,1.047282454,0,0.883721229,0,1.879024464,0,0.805606276,0,0.891907215,0.925706073,1.099604638,0.905910555,0,0,0,0,0,0,0,0,0.947677725
