EnhancerRegion,Genes,DistanceToTSS,HistoneInfo,bodyRegion,entrezID
chr1:207750959-207756831,CR1L,64563,H3K27ac,LateralTemporalLobe,1379
chr1:207784446-207784731,CR1L,33869,H3K27ac,LateralTemporalLobe,1379
chr1:207791258-207794592,CR1L,25533,H3K27ac,LateralTemporalLobe,1379
chr1:207841898-207845063,CR1L,25023,H3K27ac,LateralTemporalLobe,1379
chr1:207869427-207869595,CR1L,51053,H3K27ac,LateralTemporalLobe,1379
chr1:207870882-207872699,CR1L,53333,H3K27ac,LateralTemporalLobe,1379
chr10:11719137-11720695,ECHDC3,64440,H3K27ac,LateralTemporalLobe,79746
chr10:11722283-11732140,ECHDC3,57144,H3K27ac,LateralTemporalLobe,79746
chr10:11732920-11734409,ECHDC3,50691,H3K27ac,LateralTemporalLobe,79746
chr10:11735076-11735769,ECHDC3,48933,H3K27ac,LateralTemporalLobe,79746
chr10:11746250-11747582,ECHDC3,37440,H3K27ac,LateralTemporalLobe,79746
chr10:11747984-11748462,ECHDC3,36133,H3K27ac,LateralTemporalLobe,79746
chr10:11749124-11751530,ECHDC3,34029,H3K27ac,LateralTemporalLobe,79746
chr10:11753984-11758306,ECHDC3,28211,H3K27ac,LateralTemporalLobe,79746
chr10:11760983-11762911,ECHDC3,22409,H3K27ac,LateralTemporalLobe,79746
chr10:11764019-11765148,ECHDC3,19772,H3K27ac,LateralTemporalLobe,79746
chr10:11766281-11769751,ECHDC3,16340,H3K27ac,LateralTemporalLobe,79746
chr10:11788710-11789256,ECHDC3,4627,H3K27ac,LateralTemporalLobe,79746
chr10:11795881-11803116,ECHDC3,15143,H3K27ac,LateralTemporalLobe,79746
chr10:11810097-11810544,ECHDC3,25965,H3K27ac,LateralTemporalLobe,79746
chr11:85577375-85578300,CCDC83,11694,H3K27ac,LateralTemporalLobe,220047
chr11:85604050-85604793,CCDC83,38278,H3K27ac,LateralTemporalLobe,220047
chr11:85643261-85643810,CCDC83,77392,H3K27ac,LateralTemporalLobe,220047
chr11:85645369-85646119,CCDC83,79600,H3K27ac,LateralTemporalLobe,220047
chr11:85649576-85649849,CCDC83,83569,H3K27ac,LateralTemporalLobe,220047
chr11:85652184-85662967,CCDC83,91432,H3K27ac,LateralTemporalLobe,220047
chr11:85664548-85667893,CCDC83,100077,H3K27ac,LateralTemporalLobe,220047
chr11:85676465-85680825,PICALM,101494,H3K27ac,LateralTemporalLobe,8301
chr11:85681623-85681872,PICALM,98391,H3K27ac,LateralTemporalLobe,8301
chr11:85708599-85709970,PICALM,70854,H3K27ac,LateralTemporalLobe,8301
chr11:85749422-85756516,PICALM,27170,H3K27ac,LateralTemporalLobe,8301
chr11:85763811-85767092,PICALM,14687,H3K27ac,LateralTemporalLobe,8301
chr11:85795992-85796230,PICALM,15188,H3K27ac,LateralTemporalLobe,8301
chr11:85805782-85806416,PICALM,25176,H3K27ac,LateralTemporalLobe,8301
chr11:85810945-85815607,PICALM,32353,H3K27ac,LateralTemporalLobe,8301
chr11:85833640-85876821,PICALM,74308,H3K27ac,LateralTemporalLobe,8301
chr14:92886346-92887361,RIN3,93271,H3K27ac,LateralTemporalLobe,79890
chr14:92905635-92910403,RIN3,72106,H3K27ac,LateralTemporalLobe,79890
chr14:92914947-92918946,RIN3,63178,H3K27ac,LateralTemporalLobe,79890
chr14:92922467-92932433,RIN3,52675,H3K27ac,LateralTemporalLobe,79890
chr14:92939320-92939886,RIN3,40522,H3K27ac,LateralTemporalLobe,79890
chr14:92940090-92940825,RIN3,39667,H3K27ac,LateralTemporalLobe,79890
chr14:92953841-92960163,RIN3,23123,H3K27ac,LateralTemporalLobe,79890
chr14:92966419-92967352,RIN3,13239,H3K27ac,LateralTemporalLobe,79890
chr14:92978857-92987083,RIN3,2845,H3K27ac,LateralTemporalLobe,79890
chr14:92987892-92992426,RIN3,10034,H3K27ac,LateralTemporalLobe,79890
chr14:93005226-93007270,RIN3,26123,H3K27ac,LateralTemporalLobe,79890
chr14:93015317-93017016,RIN3,26412,H3K27ac,LateralTemporalLobe,79890
chr14:93018356-93020813,RIN3,22994,H3K27ac,LateralTemporalLobe,79890
chr14:93021606-93024186,RIN3,19683,H3K27ac,LateralTemporalLobe,79890
chr14:93030252-93032348,RIN3,11279,H3K27ac,LateralTemporalLobe,79890
chr14:93051653-93051812,RIN3,9154,H3K27ac,LateralTemporalLobe,79890
chr14:93053137-93054764,RIN3,11372,H3K27ac,LateralTemporalLobe,79890
chr14:93055525-93056473,RIN3,13420,H3K27ac,LateralTemporalLobe,79890
chr14:93066383-93071026,RIN3,26126,H3K27ac,LateralTemporalLobe,79890
chr14:93075640-93075934,RIN3,33208,H3K27ac,LateralTemporalLobe,79890
chr14:93099340-93099891,RIN3,57037,H3K27ac,LateralTemporalLobe,79890
chr14:93113000-93129010,RIN3,78426,H3K27ac,LateralTemporalLobe,79890
chr15:58890766-58891318,HSP90AB4P,94764,H3K27ac,LateralTemporalLobe,664618
chr15:58904414-58905204,HSP90AB4P,80997,H3K27ac,LateralTemporalLobe,664618
chr15:58916774-58916997,HSP90AB4P,68920,H3K27ac,LateralTemporalLobe,664618
chr15:58919358-58922382,HSP90AB4P,64936,H3K27ac,LateralTemporalLobe,664618
chr15:58923073-58925285,HSP90AB4P,61627,H3K27ac,LateralTemporalLobe,664618
chr15:58954411-58955139,HSP90AB4P,31031,H3K27ac,LateralTemporalLobe,664618
chr15:58957262-58961784,HSP90AB4P,26283,H3K27ac,LateralTemporalLobe,664618
chr15:58966693-58969226,HSP90AB4P,17846,H3K27ac,LateralTemporalLobe,664618
chr15:58971100-58973410,HSP90AB4P,13551,H3K27ac,LateralTemporalLobe,664618
chr15:58978270-58978794,HSP90AB4P,7274,H3K27ac,LateralTemporalLobe,664618
chr15:58986299-58987504,HSP90AB4P,1096,H3K27ac,LateralTemporalLobe,664618
chr15:58988025-58990138,HSP90AB4P,3276,H3K27ac,LateralTemporalLobe,664618
chr15:58995815-58996598,HSP90AB4P,10401,H3K27ac,LateralTemporalLobe,664618
chr15:59010865-59011256,HSP90AB4P,25255,H3K27ac,LateralTemporalLobe,664618
chr15:59156237-59158725,SLTM,68394,H3K27ac,LateralTemporalLobe,79811
chr15:59159667-59159946,SLTM,66068,H3K27ac,LateralTemporalLobe,79811
chr15:59171940-59175930,SLTM,51940,H3K27ac,LateralTemporalLobe,79811
chr15:59192531-59192749,SLTM,33235,H3K27ac,LateralTemporalLobe,79811
chr15:59214973-59215411,SLTM,10683,H3K27ac,LateralTemporalLobe,79811
chr15:59221400-59228259,SLTM,1045,H3K27ac,LateralTemporalLobe,79811
chr15:59247870-59248679,SLTM,22400,H3K27ac,LateralTemporalLobe,79811
chr15:59249337-59251696,SLTM,24642,H3K27ac,LateralTemporalLobe,79811
chr15:92206274-92210473,SLCO3A1,188564,H3K27ac,LateralTemporalLobe,28232
chr15:92211745-92212941,SLCO3A1,184595,H3K27ac,LateralTemporalLobe,28232
chr15:92219843-92220702,SLCO3A1,176665,H3K27ac,LateralTemporalLobe,28232
chr15:92221678-92225700,SLCO3A1,173249,H3K27ac,LateralTemporalLobe,28232
chr15:92231258-92233582,SLCO3A1,164518,H3K27ac,LateralTemporalLobe,28232
chr15:92234474-92243643,SLCO3A1,157879,H3K27ac,LateralTemporalLobe,28232
chr15:92245429-92257160,SLCO3A1,145643,H3K27ac,LateralTemporalLobe,28232
chr15:92261241-92262826,SLCO3A1,134904,H3K27ac,LateralTemporalLobe,28232
chr15:92269490-92269794,SLCO3A1,127296,H3K27ac,LateralTemporalLobe,28232
chr15:92274852-92278631,SLCO3A1,120196,H3K27ac,LateralTemporalLobe,28232
chr15:92280005-92283562,SLCO3A1,115154,H3K27ac,LateralTemporalLobe,28232
chr15:92285304-92287157,SLCO3A1,110707,H3K27ac,LateralTemporalLobe,28232
chr15:92293653-92303410,SLCO3A1,98406,H3K27ac,LateralTemporalLobe,28232
chr15:92321935-92322551,SLCO3A1,74695,H3K27ac,LateralTemporalLobe,28232
chr15:92323191-92326891,SLCO3A1,71897,H3K27ac,LateralTemporalLobe,28232
chr15:92331692-92332006,SLCO3A1,65089,H3K27ac,LateralTemporalLobe,28232
chr15:92333719-92335467,SLCO3A1,62345,H3K27ac,LateralTemporalLobe,28232
chr15:92369896-92371428,SLCO3A1,26276,H3K27ac,LateralTemporalLobe,28232
chr15:92387611-92413323,SLCO3A1,2937,H3K27ac,LateralTemporalLobe,28232
chr15:92414419-92416633,SLCO3A1,17996,H3K27ac,LateralTemporalLobe,28232
chr15:92417595-92443865,SLCO3A1,33200,H3K27ac,LateralTemporalLobe,28232
chr15:92445462-92448375,SLCO3A1,49389,H3K27ac,LateralTemporalLobe,28232
chr15:92449135-92454506,SLCO3A1,54291,H3K27ac,LateralTemporalLobe,28232
chr15:92455350-92471721,SLCO3A1,66006,H3K27ac,LateralTemporalLobe,28232
chr15:92473390-92476175,SLCO3A1,77253,H3K27ac,LateralTemporalLobe,28232
chr15:92478603-92500931,SLCO3A1,92237,H3K27ac,LateralTemporalLobe,28232
chr15:92502625-92503508,SLCO3A1,105537,H3K27ac,LateralTemporalLobe,28232
chr15:92504154-92520687,SLCO3A1,114891,H3K27ac,LateralTemporalLobe,28232
chr15:92521408-92527467,SLCO3A1,126908,H3K27ac,LateralTemporalLobe,28232
chr15:92528261-92530931,SLCO3A1,132066,H3K27ac,LateralTemporalLobe,28232
chr15:92535669-92536415,SLCO3A1,138512,H3K27ac,LateralTemporalLobe,28232
chr15:92537100-92538197,SLCO3A1,140119,H3K27ac,LateralTemporalLobe,28232
chr15:92542313-92543006,SLCO3A1,145130,H3K27ac,LateralTemporalLobe,28232
chr15:92546266-92563989,SLCO3A1,157598,H3K27ac,LateralTemporalLobe,28232
chr15:92564931-92567621,SLCO3A1,168746,H3K27ac,LateralTemporalLobe,28232
chr15:92568629-92580643,SLCO3A1,177106,H3K27ac,LateralTemporalLobe,28232
chr15:92583769-92590080,SLCO3A1,189395,H3K27ac,LateralTemporalLobe,28232
chr15:92590977-92597873,SLCO3A1,196895,H3K27ac,LateralTemporalLobe,28232
chr15:92598877-92606638,SLCO3A1,205228,H3K27ac,LateralTemporalLobe,28232
chr15:92609314-92629376,SLCO3A1,221815,H3K27ac,LateralTemporalLobe,28232
chr15:92633509-92637273,SLCO3A1,237861,H3K27ac,LateralTemporalLobe,28232
chr15:92638204-92657741,SLCO3A1,250443,H3K27ac,LateralTemporalLobe,28232
chr15:92658422-92661995,SLCO3A1,262679,H3K27ac,LateralTemporalLobe,28232
chr15:92662881-92663756,SLCO3A1,265789,H3K27ac,LateralTemporalLobe,28232
chr16:31117069-31127043,BCKDK,2441,H3K27ac,LateralTemporalLobe,10295
chr16:31134653-31148486,PRSS8,5513,H3K27ac,LateralTemporalLobe,5652
chr16:31149396-31156056,PRSS8,5643,H3K27ac,LateralTemporalLobe,5652
chr17:5125833-5139170,SCIMP,5653,H3K27ac,LateralTemporalLobe,388325
chr17:5140956-5141161,SCIMP,2904,H3K27ac,LateralTemporalLobe,388325
chr17:5144767-5145847,SCIMP,7152,H3K27ac,LateralTemporalLobe,388325
chr17:5157581-5159749,SCIMP,20510,H3K27ac,LateralTemporalLobe,388325
chr17:5254948-5255649,RPAIN,67662,H3K27ac,LateralTemporalLobe,84268
chr17:5263962-5265820,RPAIN,58070,H3K27ac,LateralTemporalLobe,84268
chr17:5269880-5273373,RPAIN,51334,H3K27ac,LateralTemporalLobe,84268
chr17:5277421-5279586,RPAIN,44457,H3K27ac,LateralTemporalLobe,84268
chr17:5281596-5282463,RPAIN,40931,H3K27ac,LateralTemporalLobe,84268
chr17:5283940-5286129,RPAIN,37926,H3K27ac,LateralTemporalLobe,84268
chr17:30289194-30289542,SUZ12,25339,H3K27ac,LateralTemporalLobe,23512
chr17:30290426-30291343,SUZ12,26856,H3K27ac,LateralTemporalLobe,23512
chr17:30363060-30363319,SH3GL1P1,4165,H3K27ac,LateralTemporalLobe,6458
chr17:47432696-47451144,ZNF652,2085,H3K27ac,LateralTemporalLobe,22834
chr17:47453814-47457094,ZNF652,15619,H3K27ac,LateralTemporalLobe,22834
chr19:1025389-1033224,CNN2,3033,H3K27ac,LateralTemporalLobe,1265
chr19:23084217-23085326,ZNF728,101238,H3K27ac,LateralTemporalLobe,388523
chr19:23122805-23122979,ZNF728,63118,H3K27ac,LateralTemporalLobe,388523
chr19:45156670-45168562,MIR4531,5614,H3K27ac,LateralTemporalLobe,100616355
chr19:45213269-45214631,CEACAM16,11529,H3K27ac,LateralTemporalLobe,388551
chr19:45221472-45222826,CEACAM16,19728,H3K27ac,LateralTemporalLobe,388551
chr19:45268233-45269659,MIR8085,7032,H3K27ac,LateralTemporalLobe,102465879
chr19:45271101-45272187,CBLC,9482,H3K27ac,LateralTemporalLobe,23624
chr19:45273076-45276098,CBLC,6539,H3K27ac,LateralTemporalLobe,23624
chr19:45286913-45294196,CBLC,9429,H3K27ac,LateralTemporalLobe,23624
chr19:45294815-45304089,BCAM,12864,H3K27ac,LateralTemporalLobe,4059
chr19:45309468-45322933,BCAM,3885,H3K27ac,LateralTemporalLobe,4059
chr19:45324024-45327485,BCAM,13439,H3K27ac,LateralTemporalLobe,4059
chr19:45357330-45357813,NECTIN2,8179,H3K27ac,LateralTemporalLobe,5819
chr19:45358954-45364140,NECTIN2,12154,H3K27ac,LateralTemporalLobe,5819
chr19:45367420-45375240,NECTIN2,21937,H3K27ac,LateralTemporalLobe,5819
chr19:45376314-45388061,TOMM40,12289,H3K27ac,LateralTemporalLobe,10452
chr19:45402452-45422564,APOE,2850,H3K27ac,LateralTemporalLobe,348
chr19:45442120-45496395,CLPTM1,10777,H3K27ac,LateralTemporalLobe,1209
chr19:45496800-45501812,RELB,5401,H3K27ac,LateralTemporalLobe,5971
chr19:45502499-45526831,RELB,9958,H3K27ac,LateralTemporalLobe,5971
chr19:45539538-45587104,ZNF296,16525,H3K27ac,LateralTemporalLobe,162979
chr19:45587725-45652014,PPP1R37,23439,H3K27ac,LateralTemporalLobe,284352
chr19:45652587-45678062,NKPD1,1917,H3K27ac,LateralTemporalLobe,284353
chr19:45678783-45691667,BLOC1S3,3222,H3K27ac,LateralTemporalLobe,388552
chr19:45713711-45719567,EXOC3L2,20830,H3K27ac,LateralTemporalLobe,90332
chr19:45834598-45836381,KLC3,8508,H3K27ac,LateralTemporalLobe,147700
chr19:45838375-45846523,KLC3,1549,H3K27ac,LateralTemporalLobe,147700
chr19:55103126-55103953,LILRA1,1501,H3K27ac,LateralTemporalLobe,11024
chr19:55111568-55112429,LILRA1,6337,H3K27ac,LateralTemporalLobe,11024
chr2:127747929-127748623,BIN1,91365,H3K27ac,LateralTemporalLobe,274
chr2:127771317-127773670,BIN1,67147,H3K27ac,LateralTemporalLobe,274
chr2:127782032-127784405,BIN1,56422,H3K27ac,LateralTemporalLobe,274
chr2:127791273-127796425,BIN1,45792,H3K27ac,LateralTemporalLobe,274
chr2:127797289-127867800,BIN1,7096,H3K27ac,LateralTemporalLobe,274
chr2:127868652-127876435,BIN1,7641,H3K27ac,LateralTemporalLobe,274
chr2:127878074-127889013,BIN1,18641,H3K27ac,LateralTemporalLobe,274
chr2:127890141-127906021,BIN1,33178,H3K27ac,LateralTemporalLobe,274
chr2:233910945-233916866,INPP5D,10771,H3K27ac,LateralTemporalLobe,3635
chr2:233918191-233920107,INPP5D,5528,H3K27ac,LateralTemporalLobe,3635
chr2:233921228-233930184,INPP5D,1029,H3K27ac,LateralTemporalLobe,3635
chr2:233933075-233933980,INPP5D,8851,H3K27ac,LateralTemporalLobe,3635
chr2:233942686-233952200,INPP5D,22766,H3K27ac,LateralTemporalLobe,3635
chr2:233952635-233955922,INPP5D,29602,H3K27ac,LateralTemporalLobe,3635
chr2:233958514-233959556,INPP5D,34358,H3K27ac,LateralTemporalLobe,3635
chr2:233962555-233963548,INPP5D,38375,H3K27ac,LateralTemporalLobe,3635
chr2:233970536-233975503,INPP5D,48343,H3K27ac,LateralTemporalLobe,3635
chr2:233977114-233985459,INPP5D,56610,H3K27ac,LateralTemporalLobe,3635
chr2:233988873-233992061,INPP5D,65790,H3K27ac,LateralTemporalLobe,3635
chr2:233994968-233995696,INPP5D,70655,H3K27ac,LateralTemporalLobe,3635
chr2:234053920-234055165,ATG16L1,105674,H3K27ac,LateralTemporalLobe,55054
chr2:234055876-234056071,ATG16L1,104243,H3K27ac,LateralTemporalLobe,55054
chr2:234060190-234063612,ATG16L1,98316,H3K27ac,LateralTemporalLobe,55054
chr2:234076155-234079245,ATG16L1,82517,H3K27ac,LateralTemporalLobe,55054
chr2:234086054-234086472,ATG16L1,73954,H3K27ac,LateralTemporalLobe,55054
chr2:234087391-234089047,ATG16L1,71998,H3K27ac,LateralTemporalLobe,55054
chr2:234089642-234099405,ATG16L1,65693,H3K27ac,LateralTemporalLobe,55054
chr2:234104547-234106400,ATG16L1,54743,H3K27ac,LateralTemporalLobe,55054
chr2:234113200-234113357,ATG16L1,46938,H3K27ac,LateralTemporalLobe,55054
chr2:234115130-234122001,ATG16L1,41651,H3K27ac,LateralTemporalLobe,55054
chr2:234127668-234127997,ATG16L1,32384,H3K27ac,LateralTemporalLobe,55054
chr2:234130235-234130522,ATG16L1,29838,H3K27ac,LateralTemporalLobe,55054
chr2:234135334-234137018,ATG16L1,24041,H3K27ac,LateralTemporalLobe,55054
chr2:234144677-234144969,ATG16L1,15394,H3K27ac,LateralTemporalLobe,55054
chr2:234149324-234164173,ATG16L1,3468,H3K27ac,LateralTemporalLobe,55054
chr2:234166949-234177277,ATG16L1,11896,H3K27ac,LateralTemporalLobe,55054
chr20:54981597-54988626,CASS4,2056,H3K27ac,LateralTemporalLobe,57091
chr20:54992129-54998790,CASS4,8146,H3K27ac,LateralTemporalLobe,57091
chr20:55003455-55006870,CASS4,17849,H3K27ac,LateralTemporalLobe,57091
chr20:55017190-55019736,RTFDC1,25178,H3K27ac,LateralTemporalLobe,51507
chr20:55027460-55027933,RTFDC1,15944,H3K27ac,LateralTemporalLobe,51507
chr20:55035518-55047296,RTFDC1,2234,H3K27ac,LateralTemporalLobe,51507
chr20:55057820-55062545,RTFDC1,16542,H3K27ac,LateralTemporalLobe,51507
chr6:130997374-130997722,SMLR1,150997,H3K27ac,LateralTemporalLobe,100507203
chr6:131102148-131102520,SMLR1,46211,H3K27ac,LateralTemporalLobe,100507203
chr6:131155689-131158659,SMLR1,8629,H3K27ac,LateralTemporalLobe,100507203
chr6:131162447-131162750,SMLR1,14054,H3K27ac,LateralTemporalLobe,100507203
chr6:131165002-131166202,SMLR1,17057,H3K27ac,LateralTemporalLobe,100507203
chr6:131172283-131175134,SMLR1,25164,H3K27ac,LateralTemporalLobe,100507203
chr6:131179239-131181248,SMLR1,31699,H3K27ac,LateralTemporalLobe,100507203
chr6:131189986-131191636,SMLR1,42266,H3K27ac,LateralTemporalLobe,100507203
chr6:131203304-131204319,SMLR1,55267,H3K27ac,LateralTemporalLobe,100507203
chr6:131204940-131205419,SMLR1,56635,H3K27ac,LateralTemporalLobe,100507203
chr6:131206188-131210139,SMLR1,59619,H3K27ac,LateralTemporalLobe,100507203
chr6:131212615-131215514,SMLR1,65520,H3K27ac,LateralTemporalLobe,100507203
chr6:131216454-131218848,SMLR1,69106,H3K27ac,LateralTemporalLobe,100507203
chr6:131223217-131224417,SMLR1,75272,H3K27ac,LateralTemporalLobe,100507203
chr6:131228957-131229557,SMLR1,80712,H3K27ac,LateralTemporalLobe,100507203
chr6:131233028-131235823,SMLR1,85881,H3K27ac,LateralTemporalLobe,100507203
chr7:69077515-69078224,AUTS2,13965,H3K27ac,LateralTemporalLobe,26053
chr7:69079093-69081471,AUTS2,16377,H3K27ac,LateralTemporalLobe,26053
chr7:69082311-69083483,AUTS2,18992,H3K27ac,LateralTemporalLobe,26053
chr7:69093128-69095472,AUTS2,30395,H3K27ac,LateralTemporalLobe,26053
chr7:69100421-69101414,AUTS2,37013,H3K27ac,LateralTemporalLobe,26053
chr7:69118027-69122968,AUTS2,56593,H3K27ac,LateralTemporalLobe,26053
chr7:69125754-69126023,AUTS2,61984,H3K27ac,LateralTemporalLobe,26053
chr7:69139153-69139966,AUTS2,75655,H3K27ac,LateralTemporalLobe,26053
chr7:69147754-69149432,AUTS2,84688,H3K27ac,LateralTemporalLobe,26053
chr7:69155380-69157071,AUTS2,92321,H3K27ac,LateralTemporalLobe,26053
chr7:69172807-69174303,AUTS2,109650,H3K27ac,LateralTemporalLobe,26053
chr7:69193013-69193348,AUTS2,129276,H3K27ac,LateralTemporalLobe,26053
chr7:69202486-69205870,AUTS2,140273,H3K27ac,LateralTemporalLobe,26053
chr7:69218470-69219402,AUTS2,155031,H3K27ac,LateralTemporalLobe,26053
chr7:69235562-69236461,AUTS2,172107,H3K27ac,LateralTemporalLobe,26053
chr7:69242156-69242898,AUTS2,178622,H3K27ac,LateralTemporalLobe,26053
chr7:69244895-69249922,AUTS2,183504,H3K27ac,LateralTemporalLobe,26053
chr7:69254100-69259315,AUTS2,192803,H3K27ac,LateralTemporalLobe,26053
chr7:69272688-69286635,AUTS2,215757,H3K27ac,LateralTemporalLobe,26053
chr7:69289181-69293090,AUTS2,227231,H3K27ac,LateralTemporalLobe,26053
chr7:69302396-69304983,AUTS2,239785,H3K27ac,LateralTemporalLobe,26053
chr7:69348080-69348791,AUTS2,284531,H3K27ac,LateralTemporalLobe,26053
chr7:69398619-69401240,AUTS2,336025,H3K27ac,LateralTemporalLobe,26053
chr7:69422068-69422896,AUTS2,358577,H3K27ac,LateralTemporalLobe,26053
chr7:69426233-69428479,AUTS2,363451,H3K27ac,LateralTemporalLobe,26053
chr7:69457516-69458697,AUTS2,394202,H3K27ac,LateralTemporalLobe,26053
chr7:69471230-69471802,AUTS2,407611,H3K27ac,LateralTemporalLobe,26053
chr7:69557366-69559913,AUTS2,494735,H3K27ac,LateralTemporalLobe,26053
chr7:69635251-69635420,AUTS2,571431,H3K27ac,LateralTemporalLobe,26053
chr7:69757944-69758189,AUTS2,694162,H3K27ac,LateralTemporalLobe,26053
chr7:69790103-69791369,AUTS2,726831,H3K27ac,LateralTemporalLobe,26053
chr7:99770753-99777313,GPC2,1016,H3K27ac,LateralTemporalLobe,221914
chr7:99795187-99800956,PVRIG,18799,H3K27ac,LateralTemporalLobe,79037
chr7:99801606-99803129,PVRIG,14503,H3K27ac,LateralTemporalLobe,79037
chr7:99830804-99848483,PVRIG,22773,H3K27ac,LateralTemporalLobe,79037
chr7:100001248-100007645,MEPCE,21966,H3K27ac,LateralTemporalLobe,56257
chr7:138762862-138765979,ZC3HAV1,30044,H3K27ac,LateralTemporalLobe,56829
chr7:138789142-138789996,ZC3HAV1,4896,H3K27ac,LateralTemporalLobe,56829
chr7:143104385-143110446,EPHA1,1431,H3K27ac,LateralTemporalLobe,2041
chr7:143118996-143119455,EPHA1,13241,H3K27ac,LateralTemporalLobe,2041
chr8:27177392-27195061,PTK2B,3146,H3K27ac,LateralTemporalLobe,2185
chr8:27196622-27201244,PTK2B,15852,H3K27ac,LateralTemporalLobe,2185
chr8:27201861-27208070,PTK2B,21885,H3K27ac,LateralTemporalLobe,2185
chr8:27209340-27210280,PTK2B,26729,H3K27ac,LateralTemporalLobe,2185
chr8:27210797-27213071,PTK2B,28853,H3K27ac,LateralTemporalLobe,2185
chr8:27217346-27218163,PTK2B,34674,H3K27ac,LateralTemporalLobe,2185
chr8:27218921-27223021,PTK2B,37890,H3K27ac,LateralTemporalLobe,2185
chr8:27223353-27230838,PTK2B,44015,H3K27ac,LateralTemporalLobe,2185
chr8:27231468-27238979,PTK2B,52143,H3K27ac,LateralTemporalLobe,2185
chr8:27315559-27333968,CHRNA2,12049,H3K27ac,LateralTemporalLobe,1135
chr8:27431619-27435270,MIR6843,34823,H3K27ac,LateralTemporalLobe,102465508
chr8:27436915-27437175,MIR6843,31223,H3K27ac,LateralTemporalLobe,102465508
chr8:27439660-27445895,MIR6843,25490,H3K27ac,LateralTemporalLobe,102465508
chr8:27448611-27454078,MIR6843,16923,H3K27ac,LateralTemporalLobe,102465508
chr8:27454629-27475575,MIR6843,3166,H3K27ac,LateralTemporalLobe,102465508
chr1:207817577-207820002,CR1L,332,H3K27ac,LateralTemporalLobe,1379
chr11:85565368-85567017,CCDC83,49,H3K27ac,LateralTemporalLobe,220047
chr11:85775362-85783710,PICALM,603,H3K27ac,LateralTemporalLobe,8301
chr17:30261043-30265228,SUZ12,893,H3K27ac,LateralTemporalLobe,23512
chr19:45344211-45356229,NECTIN2,827,H3K27ac,LateralTemporalLobe,5819
chr7:69059883-69066972,AUTS2,477,H3K27ac,LateralTemporalLobe,26053
chr7:99806113-99826855,PVRIG,387,H3K27ac,LateralTemporalLobe,79037
chr7:138791961-138795552,ZC3HAV1,708,H3K27ac,LateralTemporalLobe,56829
chr8:27334671-27338951,CHRNA2,2,H3K27ac,LateralTemporalLobe,1135
chr1:905772-912064,PLEKHN1,7041,H3K27ac,LateralTemporalLobe,84069
chr1:926578-927202,HES4,8662,H3K27ac,LateralTemporalLobe,57801
chr1:947714-952571,ISG15,1296,H3K27ac,LateralTemporalLobe,9636
chr1:953576-964997,AGRN,3784,H3K27ac,LateralTemporalLobe,375790
chr1:966321-979111,AGRN,17213,H3K27ac,LateralTemporalLobe,375790
chr1:979151-987583,RNF223,26320,H3K27ac,LateralTemporalLobe,401934
chr1:988478-1010999,RNF223,9948,H3K27ac,LateralTemporalLobe,401934
chr1:1014746-1029639,RNF223,12506,H3K27ac,LateralTemporalLobe,401934
chr1:1031610-1040817,C1orf159,15522,H3K27ac,LateralTemporalLobe,54991
chr1:1045990-1046311,C1orf159,5585,H3K27ac,LateralTemporalLobe,54991
chr1:1054415-1066577,C1orf159,8760,H3K27ac,LateralTemporalLobe,54991
chr1:1077059-1087694,LINC01342,9980,H3K27ac,LateralTemporalLobe,254099
chr1:1088434-1089967,MIR200B,13283,H3K27ac,LateralTemporalLobe,406984
chr1:1090796-1099312,MIR200B,7430,H3K27ac,LateralTemporalLobe,406984
chr1:1111074-1111239,TTLL10,1871,H3K27ac,LateralTemporalLobe,254173
chr1:1111858-1121725,TTLL10,1715,H3K27ac,LateralTemporalLobe,254173
chr1:1131768-1137204,TNFRSF18,7603,H3K27ac,LateralTemporalLobe,8784
chr1:1138228-1180098,SDF4,8284,H3K27ac,LateralTemporalLobe,51150
chr1:1184997-1196911,FAM132A,8852,H3K27ac,LateralTemporalLobe,388581
chr1:1202641-1212987,UBE2J2,1420,H3K27ac,LateralTemporalLobe,118424
chr1:1213496-1223494,SCNN1D,2679,H3K27ac,LateralTemporalLobe,6339
chr1:1225562-1251825,ACAP3,4575,H3K27ac,LateralTemporalLobe,116983
chr1:1252900-1258313,INTS11,4460,H3K27ac,LateralTemporalLobe,54973
chr1:1265443-1273146,TAS1R3,2569,H3K27ac,LateralTemporalLobe,83756
chr1:1303355-1315024,AURKAIP1,1372,H3K27ac,LateralTemporalLobe,54998
chr1:1315632-1331703,CCNL2,11050,H3K27ac,LateralTemporalLobe,81669
chr1:1332031-1345173,LOC148413,3692,H3K27ac,LateralTemporalLobe,148413
chr1:1350288-1351563,ANKRD65,5898,H3K27ac,LateralTemporalLobe,441869
chr1:1352894-1379928,LINC01770,3542,H3K27ac,LateralTemporalLobe,102724312
chr1:1404890-1407290,ATAD3B,1045,H3K27ac,LateralTemporalLobe,83858
chr1:1436463-1444153,ATAD3A,7215,H3K27ac,LateralTemporalLobe,55210
chr1:1458568-1459360,ATAD3A,11054,H3K27ac,LateralTemporalLobe,55210
chr1:1460279-1461282,ATAD3A,12871,H3K27ac,LateralTemporalLobe,55210
chr1:1462595-1465062,TMEM240,11911,H3K27ac,LateralTemporalLobe,339453
chr1:1468669-1500162,TMEM240,8676,H3K27ac,LateralTemporalLobe,339453
chr1:1500963-1515730,SSU72,1915,H3K27ac,LateralTemporalLobe,29101
chr1:1516548-1520528,SSU72,8276,H3K27ac,LateralTemporalLobe,29101
chr1:1521438-1523291,SSU72,12103,H3K27ac,LateralTemporalLobe,29101
chr1:1526473-1540796,FNDC10,1841,H3K27ac,LateralTemporalLobe,643988
chr1:1542010-1567873,MIB2,3697,H3K27ac,LateralTemporalLobe,142678
chr1:1590251-1590772,MMP23A,22353,H3K27ac,LateralTemporalLobe,8511
chr1:1596452-1598282,SLC35E2B,26876,H3K27ac,LateralTemporalLobe,728661
chr1:1600017-1605328,SLC35E2B,21570,H3K27ac,LateralTemporalLobe,728661
chr1:1609211-1617294,SLC35E2B,10990,H3K27ac,LateralTemporalLobe,728661
chr1:1662319-1664671,CDK11A,7491,H3K27ac,LateralTemporalLobe,728642
chr1:1680117-1681667,SLC35E2,3454,H3K27ac,LateralTemporalLobe,9906
chr1:1717310-1743099,NADK,18697,H3K27ac,LateralTemporalLobe,65220
chr1:1743620-1749737,NADK,35171,H3K27ac,LateralTemporalLobe,65220
chr1:1752507-1754656,NADK,42074,H3K27ac,LateralTemporalLobe,65220
chr1:1757691-1768178,NADK,51427,H3K27ac,LateralTemporalLobe,65220
chr1:1768961-1776349,GNB1,49901,H3K27ac,LateralTemporalLobe,2782
chr1:1777086-1781827,GNB1,43099,H3K27ac,LateralTemporalLobe,2782
chr1:1783076-1797655,GNB1,32190,H3K27ac,LateralTemporalLobe,2782
chr1:1800795-1816107,GNB1,14105,H3K27ac,LateralTemporalLobe,2782
chr1:1817430-1833689,GNB1,3004,H3K27ac,LateralTemporalLobe,2782
chr1:1835392-1844209,CALML6,6465,H3K27ac,LateralTemporalLobe,163688
chr1:1858295-1861996,TMEM52,9406,H3K27ac,LateralTemporalLobe,339456
chr1:1867970-1869236,TMEM52,17863,H3K27ac,LateralTemporalLobe,339456
chr1:1872606-1881461,TMEM52,26294,H3K27ac,LateralTemporalLobe,339456
chr1:1886563-1894473,TMEM52,39778,H3K27ac,LateralTemporalLobe,339456
chr1:1895106-1902271,CFAP74,36587,H3K27ac,LateralTemporalLobe,85452
chr1:1903029-1903196,CFAP74,32163,H3K27ac,LateralTemporalLobe,85452
chr1:1903222-1907745,CFAP74,29792,H3K27ac,LateralTemporalLobe,85452
chr1:1913838-1915119,CFAP74,20797,H3K27ac,LateralTemporalLobe,85452
chr1:1915797-1922859,CFAP74,15948,H3K27ac,LateralTemporalLobe,85452
chr1:1931738-1932595,CFAP74,3109,H3K27ac,LateralTemporalLobe,85452
chr1:1945099-1947875,GABRD,4281,H3K27ac,LateralTemporalLobe,2563
chr1:1948706-1967374,GABRD,7272,H3K27ac,LateralTemporalLobe,2563
chr1:1970595-1985898,LOC105378591,3262,H3K27ac,LateralTemporalLobe,105378591
chr1:1990820-1992569,PRKCZ,9786,H3K27ac,LateralTemporalLobe,5590
chr1:1997842-2008895,PRKCZ,1717,H3K27ac,LateralTemporalLobe,5590
chr1:2010621-2049116,PRKCZ,6286,H3K27ac,LateralTemporalLobe,5590
chr1:2055852-2078907,PRKCZ,31225,H3K27ac,LateralTemporalLobe,5590
chr1:2079904-2086398,FAAP20,43063,H3K27ac,LateralTemporalLobe,199990
chr1:2087325-2094956,FAAP20,35073,H3K27ac,LateralTemporalLobe,199990
chr1:2095815-2102351,FAAP20,27131,H3K27ac,LateralTemporalLobe,199990
chr1:2103038-2142648,FAAP20,3371,H3K27ac,LateralTemporalLobe,199990
chr1:2143496-2149063,FAAP20,2121,H3K27ac,LateralTemporalLobe,199990
chr1:2149748-2153282,FAAP20,7356,H3K27ac,LateralTemporalLobe,199990
chr1:2154056-2159349,SKI,3431,H3K27ac,LateralTemporalLobe,6497
chr1:2160151-2193282,SKI,16583,H3K27ac,LateralTemporalLobe,6497
chr1:2194726-2211879,SKI,43169,H3K27ac,LateralTemporalLobe,6497
chr1:2213983-2256371,LOC100129534,48923,H3K27ac,LateralTemporalLobe,100129534
chr1:2257265-2272616,LOC100129534,19159,H3K27ac,LateralTemporalLobe,100129534
chr1:2273194-2283084,LOC100129534,5961,H3K27ac,LateralTemporalLobe,100129534
chr1:2283742-2292298,LOC100129534,3920,H3K27ac,LateralTemporalLobe,100129534
chr1:2303516-2353535,RER1,5312,H3K27ac,LateralTemporalLobe,11079
chr1:2354163-2367322,PEX10,16733,H3K27ac,LateralTemporalLobe,5192
chr1:2368043-2419838,PLCH2,4957,H3K27ac,LateralTemporalLobe,9651
chr1:2420492-2468101,PANK4,13770,H3K27ac,LateralTemporalLobe,55229
chr1:2468758-2482205,TNFRSF14,12322,H3K27ac,LateralTemporalLobe,8764
chr1:2485226-2499100,LOC115110,3713,H3K27ac,LateralTemporalLobe,115110
chr1:2540616-2543356,MMEL1,22495,H3K27ac,LateralTemporalLobe,79258
chr1:2568513-2577463,MMEL1,8507,H3K27ac,LateralTemporalLobe,79258
chr1:2731167-2732448,TTC34,25578,H3K27ac,LateralTemporalLobe,100287898
chr1:2733447-2735172,TTC34,28080,H3K27ac,LateralTemporalLobe,100287898
chr1:2736480-2742999,TTC34,33510,H3K27ac,LateralTemporalLobe,100287898
chr1:2746803-2747008,TTC34,40676,H3K27ac,LateralTemporalLobe,100287898
chr1:2770388-2774850,TTC34,66389,H3K27ac,LateralTemporalLobe,100287898
chr1:2780671-2783537,TTC34,75874,H3K27ac,LateralTemporalLobe,100287898
chr1:2790101-2796704,TTC34,87173,H3K27ac,LateralTemporalLobe,100287898
chr1:2797017-2801493,TTC34,93025,H3K27ac,LateralTemporalLobe,100287898
chr1:2801786-2809782,TTC34,99554,H3K27ac,LateralTemporalLobe,100287898
chr1:2810633-2812773,TTC34,105473,H3K27ac,LateralTemporalLobe,100287898
chr1:2820579-2850363,ACTRT2,102575,H3K27ac,LateralTemporalLobe,140625
chr1:2855283-2855934,ACTRT2,82437,H3K27ac,LateralTemporalLobe,140625
chr1:2858636-2861118,ACTRT2,78169,H3K27ac,LateralTemporalLobe,140625
chr1:2861820-2870134,ACTRT2,72069,H3K27ac,LateralTemporalLobe,140625
chr1:2875534-2881005,ACTRT2,59776,H3K27ac,LateralTemporalLobe,140625
chr1:2881933-2893078,ACTRT2,50540,H3K27ac,LateralTemporalLobe,140625
chr1:2894558-2909080,ACTRT2,36227,H3K27ac,LateralTemporalLobe,140625
chr1:2914658-2923147,ACTRT2,19143,H3K27ac,LateralTemporalLobe,140625
chr1:2925525-2939710,ACTRT2,5428,H3K27ac,LateralTemporalLobe,140625
chr1:2943184-2955959,ACTRT2,11526,H3K27ac,LateralTemporalLobe,140625
chr1:2965618-2966051,LINC00982,18454,H3K27ac,LateralTemporalLobe,440556
chr1:2976652-3003254,PRDM16,4211,H3K27ac,LateralTemporalLobe,63976
chr1:3008081-3008867,PRDM16,22732,H3K27ac,LateralTemporalLobe,63976
chr1:3010654-3015602,PRDM16,27386,H3K27ac,LateralTemporalLobe,63976
chr1:3058433-3063033,MIR4251,16194,H3K27ac,LateralTemporalLobe,100422968
chr1:3063941-3084089,MIR4251,29476,H3K27ac,LateralTemporalLobe,100422968
chr1:3098595-3108011,MIR4251,58764,H3K27ac,LateralTemporalLobe,100422968
chr1:3109394-3116863,MIR4251,68590,H3K27ac,LateralTemporalLobe,100422968
chr1:3121021-3124841,MIR4251,78392,H3K27ac,LateralTemporalLobe,100422968
chr1:3126737-3147321,MIR4251,92490,H3K27ac,LateralTemporalLobe,100422968
chr1:3151046-3155617,MIR4251,108793,H3K27ac,LateralTemporalLobe,100422968
chr1:3158804-3163269,MIR4251,116498,H3K27ac,LateralTemporalLobe,100422968
chr1:3171893-3172608,MIR4251,127712,H3K27ac,LateralTemporalLobe,100422968
chr1:3174537-3176806,MIR4251,131133,H3K27ac,LateralTemporalLobe,100422968
chr1:3187560-3189486,MIR4251,143984,H3K27ac,LateralTemporalLobe,100422968
chr1:3191116-3203744,MIR4251,152891,H3K27ac,LateralTemporalLobe,100422968
chr1:3204388-3214921,ARHGEF16,161492,H3K27ac,LateralTemporalLobe,27237
chr1:3224418-3234309,ARHGEF16,141783,H3K27ac,LateralTemporalLobe,27237
chr1:3235528-3237710,ARHGEF16,134528,H3K27ac,LateralTemporalLobe,27237
chr1:3238718-3242432,ARHGEF16,130572,H3K27ac,LateralTemporalLobe,27237
chr1:3243134-3252801,ARHGEF16,123179,H3K27ac,LateralTemporalLobe,27237
chr1:3253948-3258373,ARHGEF16,114986,H3K27ac,LateralTemporalLobe,27237
chr1:3288262-3295595,ARHGEF16,79218,H3K27ac,LateralTemporalLobe,27237
chr1:3298390-3304582,ARHGEF16,69661,H3K27ac,LateralTemporalLobe,27237
chr1:3304796-3307696,ARHGEF16,64901,H3K27ac,LateralTemporalLobe,27237
chr1:3308302-3314207,ARHGEF16,59892,H3K27ac,LateralTemporalLobe,27237
chr1:3315069-3317809,ARHGEF16,54708,H3K27ac,LateralTemporalLobe,27237
chr1:3318485-3332587,ARHGEF16,45611,H3K27ac,LateralTemporalLobe,27237
chr1:3334904-3362272,ARHGEF16,22559,H3K27ac,LateralTemporalLobe,27237
chr1:3365952-3386588,ARHGEF16,5123,H3K27ac,LateralTemporalLobe,27237
chr1:3387240-3391503,ARHGEF16,18225,H3K27ac,LateralTemporalLobe,27237
chr1:3392301-3402018,ARHGEF16,26013,H3K27ac,LateralTemporalLobe,27237
chr1:3405582-3422907,ARHGEF16,43098,H3K27ac,LateralTemporalLobe,27237
chr1:3425070-3427669,MIR551A,50984,H3K27ac,LateralTemporalLobe,693135
chr1:3428734-3429486,MIR551A,48244,H3K27ac,LateralTemporalLobe,693135
chr1:3430974-3434365,MIR551A,44684,H3K27ac,LateralTemporalLobe,693135
chr1:3435139-3450736,MIR551A,34416,H3K27ac,LateralTemporalLobe,693135
chr1:3451405-3463137,MIR551A,20083,H3K27ac,LateralTemporalLobe,693135
chr1:3463734-3475143,MIR551A,7915,H3K27ac,LateralTemporalLobe,693135
chr1:3476246-3487883,MIR551A,4711,H3K27ac,LateralTemporalLobe,693135
chr1:3489698-3498848,MIR551A,16919,H3K27ac,LateralTemporalLobe,693135
chr1:3500493-3501971,MIR551A,23878,H3K27ac,LateralTemporalLobe,693135
chr1:3505136-3520451,MEGF6,15265,H3K27ac,LateralTemporalLobe,1953
chr1:3573750-3574758,TP73,5125,H3K27ac,LateralTemporalLobe,7161
chr1:3582763-3595993,TP73,17858,H3K27ac,LateralTemporalLobe,7161
chr1:3611451-3641965,TP73,12098,H3K27ac,LateralTemporalLobe,7161
chr1:3643480-3655706,TP73-AS1,13742,H3K27ac,LateralTemporalLobe,57212
chr1:3656574-3665365,TP73-AS1,2365,H3K27ac,LateralTemporalLobe,57212
chr1:3667124-3674170,CCDC27,1682,H3K27ac,LateralTemporalLobe,148870
chr1:3683276-3697783,SMIM1,1179,H3K27ac,LateralTemporalLobe,388588
chr1:3735811-3741046,LRRC47,25361,H3K27ac,LateralTemporalLobe,57470
chr1:3741224-3746917,CEP104,29726,H3K27ac,LateralTemporalLobe,9731
chr1:3749351-3752555,CEP104,22844,H3K27ac,LateralTemporalLobe,9731
chr1:3754761-3759824,CEP104,16504,H3K27ac,LateralTemporalLobe,9731
chr1:3764762-3777415,CEP104,2708,H3K27ac,LateralTemporalLobe,9731
chr1:3779126-3787746,DFFB,9605,H3K27ac,LateralTemporalLobe,1677
chr1:3791833-3793666,DFFB,18919,H3K27ac,LateralTemporalLobe,1677
chr1:3800775-3808439,C1orf174,12250,H3K27ac,LateralTemporalLobe,339448
chr1:3809190-3813539,C1orf174,5492,H3K27ac,LateralTemporalLobe,339448
chr1:3815855-3830132,LINC01134,6026,H3K27ac,LateralTemporalLobe,100133612
chr1:3831695-3832620,LINC01134,15190,H3K27ac,LateralTemporalLobe,100133612
chr1:3839495-3843055,LINC01134,24307,H3K27ac,LateralTemporalLobe,100133612
chr1:4014462-4015731,LINC01346,14425,H3K27ac,LateralTemporalLobe,728716
chr1:4077643-4083466,LINC01346,79883,H3K27ac,LateralTemporalLobe,728716
chr1:4109427-4109643,LINC01346,108863,H3K27ac,LateralTemporalLobe,728716
chr1:4113391-4113762,LINC01346,112905,H3K27ac,LateralTemporalLobe,728716
chr1:4117733-4117895,LINC01346,117142,H3K27ac,LateralTemporalLobe,728716
chr1:4121723-4122190,LINC01346,121285,H3K27ac,LateralTemporalLobe,728716
chr1:4122347-4124100,LINC01346,122552,H3K27ac,LateralTemporalLobe,728716
chr1:4127808-4129195,LINC01346,127830,H3K27ac,LateralTemporalLobe,728716
chr1:4160922-4162452,LINC01346,161015,H3K27ac,LateralTemporalLobe,728716
chr1:4166846-4167512,LINC01346,166507,H3K27ac,LateralTemporalLobe,728716
chr1:4206913-4208775,LINC01346,207172,H3K27ac,LateralTemporalLobe,728716
chr1:4210062-4210988,LINC01346,209853,H3K27ac,LateralTemporalLobe,728716
chr1:4215869-4217077,LINC01346,215801,H3K27ac,LateralTemporalLobe,728716
chr1:4226306-4227371,LINC01346,226167,H3K27ac,LateralTemporalLobe,728716
chr1:4230200-4234316,LINC01346,231586,H3K27ac,LateralTemporalLobe,728716
chr1:4239543-4240517,LINC01777,232081,H3K27ac,LateralTemporalLobe,284661
chr1:4277686-4278306,LINC01777,194115,H3K27ac,LateralTemporalLobe,284661
chr1:4309293-4310161,LINC01777,162384,H3K27ac,LateralTemporalLobe,284661
chr1:4324999-4328247,LINC01777,145488,H3K27ac,LateralTemporalLobe,284661
chr1:4377434-4378172,LINC01777,94308,H3K27ac,LateralTemporalLobe,284661
chr1:4454465-4463460,LINC01777,13148,H3K27ac,LateralTemporalLobe,284661
chr1:4465301-4468993,LINC01777,4964,H3K27ac,LateralTemporalLobe,284661
chr1:4475412-4476010,LINC01777,3600,H3K27ac,LateralTemporalLobe,284661
chr1:4481126-4486845,LINC01777,11875,H3K27ac,LateralTemporalLobe,284661
chr1:4488930-4494121,LINC01777,19415,H3K27ac,LateralTemporalLobe,284661
chr1:4507485-4508511,LINC01777,35887,H3K27ac,LateralTemporalLobe,284661
chr1:4528261-4529747,LINC01777,56893,H3K27ac,LateralTemporalLobe,284661
chr1:4540002-4541055,LINC01777,68418,H3K27ac,LateralTemporalLobe,284661
chr1:4541864-4547879,LINC01777,72761,H3K27ac,LateralTemporalLobe,284661
chr1:4569772-4570525,LINC01777,98038,H3K27ac,LateralTemporalLobe,284661
chr1:4570761-4574698,LINC01777,100619,H3K27ac,LateralTemporalLobe,284661
chr1:4576670-4578100,LINC01777,105274,H3K27ac,LateralTemporalLobe,284661
chr1:4579325-4579809,LINC01777,107456,H3K27ac,LateralTemporalLobe,284661
chr1:4587496-4588850,LINC01777,116062,H3K27ac,LateralTemporalLobe,284661
chr1:4628489-4628687,AJAP1,86517,H3K27ac,LateralTemporalLobe,55966
chr1:4659970-4667905,AJAP1,51167,H3K27ac,LateralTemporalLobe,55966
chr1:4691697-4692310,AJAP1,23101,H3K27ac,LateralTemporalLobe,55966
chr1:4693530-4695249,AJAP1,20715,H3K27ac,LateralTemporalLobe,55966
chr1:4710188-4764149,AJAP1,22064,H3K27ac,LateralTemporalLobe,55966
chr1:4765538-4775454,AJAP1,55391,H3K27ac,LateralTemporalLobe,55966
chr1:4776404-4800380,AJAP1,73287,H3K27ac,LateralTemporalLobe,55966
chr1:4800978-4813421,AJAP1,92095,H3K27ac,LateralTemporalLobe,55966
chr1:4814326-4825998,AJAP1,105057,H3K27ac,LateralTemporalLobe,55966
chr1:4827777-4839906,AJAP1,118737,H3K27ac,LateralTemporalLobe,55966
chr1:4840626-4845127,AJAP1,127772,H3K27ac,LateralTemporalLobe,55966
chr1:4849712-4851167,AJAP1,135335,H3K27ac,LateralTemporalLobe,55966
chr1:4852833-4858722,AJAP1,140673,H3K27ac,LateralTemporalLobe,55966
chr1:4859493-4863853,AJAP1,146568,H3K27ac,LateralTemporalLobe,55966
chr1:4885074-4886787,AJAP1,170826,H3K27ac,LateralTemporalLobe,55966
chr1:4887986-4888706,AJAP1,173241,H3K27ac,LateralTemporalLobe,55966
chr1:4896638-4897436,AJAP1,181932,H3K27ac,LateralTemporalLobe,55966
chr1:4928123-4928768,AJAP1,213341,H3K27ac,LateralTemporalLobe,55966
chr1:5030009-5030584,AJAP1,315192,H3K27ac,LateralTemporalLobe,55966
chr1:5032818-5033743,AJAP1,318176,H3K27ac,LateralTemporalLobe,55966
chr1:5076534-5077083,AJAP1,361704,H3K27ac,LateralTemporalLobe,55966
chr1:5077709-5077893,AJAP1,362696,H3K27ac,LateralTemporalLobe,55966
chr1:5210064-5211469,MIR4417,413364,H3K27ac,LateralTemporalLobe,100616489
chr1:5222368-5222614,MIR4417,401640,H3K27ac,LateralTemporalLobe,100616489
chr1:5259305-5261523,MIR4417,363717,H3K27ac,LateralTemporalLobe,100616489
chr1:5277983-5278739,MIR4417,345770,H3K27ac,LateralTemporalLobe,100616489
chr1:5279549-5286864,MIR4417,340924,H3K27ac,LateralTemporalLobe,100616489
chr1:5295588-5296129,MIR4417,328272,H3K27ac,LateralTemporalLobe,100616489
chr1:5298434-5302285,MIR4417,323771,H3K27ac,LateralTemporalLobe,100616489
chr1:5304749-5306048,MIR4417,318732,H3K27ac,LateralTemporalLobe,100616489
chr1:5332753-5339537,MIR4417,287986,H3K27ac,LateralTemporalLobe,100616489
chr1:5347160-5348516,MIR4417,276293,H3K27ac,LateralTemporalLobe,100616489
chr1:5351197-5360205,MIR4417,268430,H3K27ac,LateralTemporalLobe,100616489
chr1:5365287-5365890,MIR4417,258542,H3K27ac,LateralTemporalLobe,100616489
chr1:5370140-5373334,MIR4417,252394,H3K27ac,LateralTemporalLobe,100616489
chr1:5396720-5402391,MIR4417,224575,H3K27ac,LateralTemporalLobe,100616489
chr1:5402979-5403676,MIR4417,220803,H3K27ac,LateralTemporalLobe,100616489
chr1:5448102-5452013,MIR4417,174073,H3K27ac,LateralTemporalLobe,100616489
chr1:5457363-5457853,MIR4417,166523,H3K27ac,LateralTemporalLobe,100616489
chr1:5462700-5463550,MIR4417,161006,H3K27ac,LateralTemporalLobe,100616489
chr1:5463813-5464239,MIR4417,160105,H3K27ac,LateralTemporalLobe,100616489
chr1:5467041-5472217,MIR4417,154502,H3K27ac,LateralTemporalLobe,100616489
chr1:5487482-5488672,MIR4417,136054,H3K27ac,LateralTemporalLobe,100616489
chr1:5490003-5490593,MIR4417,133833,H3K27ac,LateralTemporalLobe,100616489
chr1:5491675-5492476,MIR4417,132055,H3K27ac,LateralTemporalLobe,100616489
chr1:5505983-5509373,MIR4417,116453,H3K27ac,LateralTemporalLobe,100616489
chr1:5511090-5511963,MIR4417,112604,H3K27ac,LateralTemporalLobe,100616489
chr1:5531975-5533650,MIR4417,91318,H3K27ac,LateralTemporalLobe,100616489
chr1:5536466-5543548,MIR4417,84124,H3K27ac,LateralTemporalLobe,100616489
chr1:5550475-5552016,MIR4417,72885,H3K27ac,LateralTemporalLobe,100616489
chr1:5561350-5572456,MIR4417,57228,H3K27ac,LateralTemporalLobe,100616489
chr1:5573231-5577402,MIR4417,48814,H3K27ac,LateralTemporalLobe,100616489
chr1:5656766-5659898,MIR4417,34201,H3K27ac,LateralTemporalLobe,100616489
chr1:5740362-5743069,MIR4417,117585,H3K27ac,LateralTemporalLobe,100616489
chr1:5744701-5748438,MIR4417,122439,H3K27ac,LateralTemporalLobe,100616489
chr1:5748794-5749676,MIR4417,125104,H3K27ac,LateralTemporalLobe,100616489
chr1:5757546-5759932,MIR4417,134608,H3K27ac,LateralTemporalLobe,100616489
chr1:5767096-5767389,MIR4417,143112,H3K27ac,LateralTemporalLobe,100616489
chr1:5768359-5770555,MIR4417,145326,H3K27ac,LateralTemporalLobe,100616489
chr1:5787810-5790123,MIR4689,133834,H3K27ac,LateralTemporalLobe,100616421
chr1:5791006-5791415,MIR4689,131590,H3K27ac,LateralTemporalLobe,100616421
chr1:5801136-5809646,MIR4689,117410,H3K27ac,LateralTemporalLobe,100616421
chr1:5810255-5820658,MIR4689,107344,H3K27ac,LateralTemporalLobe,100616421
chr1:5828112-5832727,MIR4689,92381,H3K27ac,LateralTemporalLobe,100616421
chr1:5833562-5836995,MIR4689,87522,H3K27ac,LateralTemporalLobe,100616421
chr1:5870991-5872451,MIR4689,51080,H3K27ac,LateralTemporalLobe,100616421
chr1:5874167-5874551,MIR4689,48442,H3K27ac,LateralTemporalLobe,100616421
chr1:5887604-5888753,MIR4689,34622,H3K27ac,LateralTemporalLobe,100616421
chr1:5896622-5897451,MIR4689,25764,H3K27ac,LateralTemporalLobe,100616421
chr1:5898411-5900655,MIR4689,23268,H3K27ac,LateralTemporalLobe,100616421
chr1:5902821-5905597,MIR4689,18592,H3K27ac,LateralTemporalLobe,100616421
chr1:5906596-5909493,MIR4689,14756,H3K27ac,LateralTemporalLobe,100616421
chr1:5914378-5914645,MIR4689,8289,H3K27ac,LateralTemporalLobe,100616421
chr1:5915381-5915609,MIR4689,7306,H3K27ac,LateralTemporalLobe,100616421
chr1:5945556-5950315,MIR4689,25135,H3K27ac,LateralTemporalLobe,100616421
chr1:5950894-5951064,MIR4689,28178,H3K27ac,LateralTemporalLobe,100616421
chr1:5951535-5952961,MIR4689,29447,H3K27ac,LateralTemporalLobe,100616421
chr1:5955580-5959232,MIR4689,34605,H3K27ac,LateralTemporalLobe,100616421
chr1:5964631-5978234,MIR4689,48632,H3K27ac,LateralTemporalLobe,100616421
chr1:5986783-5988324,MIR4689,64753,H3K27ac,LateralTemporalLobe,100616421
chr1:5992864-5998717,KCNAB2,56567,H3K27ac,LateralTemporalLobe,8514
chr1:5999396-6000409,KCNAB2,52455,H3K27ac,LateralTemporalLobe,8514
chr1:6001852-6002268,KCNAB2,50298,H3K27ac,LateralTemporalLobe,8514
chr1:6002920-6005758,KCNAB2,48019,H3K27ac,LateralTemporalLobe,8514
chr1:6006842-6008738,KCNAB2,44568,H3K27ac,LateralTemporalLobe,8514
chr1:6024269-6041438,KCNAB2,19504,H3K27ac,LateralTemporalLobe,8514
chr1:6044309-6065945,NPHP4,2594,H3K27ac,LateralTemporalLobe,261734
chr1:6066802-6072068,KCNAB2,16638,H3K27ac,LateralTemporalLobe,8514
chr1:6072807-6081220,KCNAB2,9059,H3K27ac,LateralTemporalLobe,8514
chr1:6083919-6090515,KCNAB2,1144,H3K27ac,LateralTemporalLobe,8514
chr1:6092723-6110592,KCNAB2,4323,H3K27ac,LateralTemporalLobe,8514
chr1:6111231-6114347,KCNAB2,6615,H3K27ac,LateralTemporalLobe,8514
chr1:6115999-6122127,KCNAB2,12889,H3K27ac,LateralTemporalLobe,8514
chr1:6124051-6127702,KCNAB2,19703,H3K27ac,LateralTemporalLobe,8514
chr1:6128296-6135561,KCNAB2,25755,H3K27ac,LateralTemporalLobe,8514
chr1:6136133-6166822,KCNAB2,45304,H3K27ac,LateralTemporalLobe,8514
chr1:6169020-6170845,KCNAB2,63759,H3K27ac,LateralTemporalLobe,8514
chr1:6171664-6173955,KCNAB2,66636,H3K27ac,LateralTemporalLobe,8514
chr1:6181055-6182530,CHD5,58401,H3K27ac,LateralTemporalLobe,26038
chr1:6183922-6191959,CHD5,52253,H3K27ac,LateralTemporalLobe,26038
chr1:6195278-6209684,CHD5,37713,H3K27ac,LateralTemporalLobe,26038
chr1:6210840-6218809,CHD5,25369,H3K27ac,LateralTemporalLobe,26038
chr1:6219626-6234276,CHD5,13243,H3K27ac,LateralTemporalLobe,26038
chr1:6236362-6246093,CHD5,1034,H3K27ac,LateralTemporalLobe,26038
chr1:6250163-6261286,RPL22,3954,H3K27ac,LateralTemporalLobe,6146
chr1:6264397-6274024,RNF207,3022,H3K27ac,LateralTemporalLobe,388591
chr1:6277050-6277334,RNF207,11003,H3K27ac,LateralTemporalLobe,388591
chr1:6278008-6279298,RNF207,12464,H3K27ac,LateralTemporalLobe,388591
chr1:6280286-6280474,RNF207,14191,H3K27ac,LateralTemporalLobe,388591
chr1:7959031-7960772,TNFRSF9,43323,H3K27ac,LateralTemporalLobe,3604
chr1:7961938-7963677,TNFRSF9,40417,H3K27ac,LateralTemporalLobe,3604
chr1:7976058-7978335,TNFRSF9,26028,H3K27ac,LateralTemporalLobe,3604
chr1:8013624-8033359,PARK7,1778,H3K27ac,LateralTemporalLobe,11315
chr1:8035127-8050118,PARK7,20909,H3K27ac,LateralTemporalLobe,11315
chr1:8061734-8088535,ERRFI1,11258,H3K27ac,LateralTemporalLobe,54206
chr1:8135710-8136413,ERRFI1,49669,H3K27ac,LateralTemporalLobe,54206
chr1:8148842-8150059,ERRFI1,63058,H3K27ac,LateralTemporalLobe,54206
chr1:8151508-8151728,ERRFI1,65225,H3K27ac,LateralTemporalLobe,54206
chr1:8153786-8153951,ERRFI1,67476,H3K27ac,LateralTemporalLobe,54206
chr1:8172965-8174660,ERRFI1,87420,H3K27ac,LateralTemporalLobe,54206
chr1:8179391-8182280,LINC01714,87896,H3K27ac,LateralTemporalLobe,102724539
chr1:8186766-8188035,LINC01714,81331,H3K27ac,LateralTemporalLobe,102724539
chr1:8218153-8218782,LINC01714,50264,H3K27ac,LateralTemporalLobe,102724539
chr1:8224813-8233207,LINC01714,39722,H3K27ac,LateralTemporalLobe,102724539
chr1:8257207-8258418,LINC01714,10919,H3K27ac,LateralTemporalLobe,102724539
chr1:8260105-8264478,LINC01714,6440,H3K27ac,LateralTemporalLobe,102724539
chr1:8286663-8287050,LINC01714,18125,H3K27ac,LateralTemporalLobe,102724539
chr1:8341544-8344179,SLC45A1,35283,H3K27ac,LateralTemporalLobe,50651
chr1:8371995-8379671,SLC45A1,2312,H3K27ac,LateralTemporalLobe,50651
chr1:8387469-8392258,SLC45A1,11719,H3K27ac,LateralTemporalLobe,50651
chr1:8393006-8395888,SLC45A1,16302,H3K27ac,LateralTemporalLobe,50651
chr1:8399457-8400035,SLC45A1,21601,H3K27ac,LateralTemporalLobe,50651
chr1:8402492-8404584,SLC45A1,25393,H3K27ac,LateralTemporalLobe,50651
chr1:8405202-8447325,SLC45A1,48119,H3K27ac,LateralTemporalLobe,50651
chr1:8447959-8453543,RERE,32996,H3K27ac,LateralTemporalLobe,473
chr1:8455581-8458853,RERE,26530,H3K27ac,LateralTemporalLobe,473
chr1:8461295-8462449,RERE,21875,H3K27ac,LateralTemporalLobe,473
chr1:8464788-8474520,RERE,14093,H3K27ac,LateralTemporalLobe,473
chr1:8494763-8496357,LOC102724552,10855,H3K27ac,LateralTemporalLobe,102724552
chr1:8497193-8504849,LOC102724552,16316,H3K27ac,LateralTemporalLobe,102724552
chr1:8507648-8518915,LOC102724552,28577,H3K27ac,LateralTemporalLobe,102724552
chr1:8519653-8528030,SNORD128,31131,H3K27ac,LateralTemporalLobe,106632271
chr1:8528670-8530459,SNORD128,25408,H3K27ac,LateralTemporalLobe,106632271
chr1:8531293-8534751,SNORD128,21951,H3K27ac,LateralTemporalLobe,106632271
chr1:8535585-8542020,SNORD128,16170,H3K27ac,LateralTemporalLobe,106632271
chr1:8554460-8560177,SNORD128,2346,H3K27ac,LateralTemporalLobe,106632271
chr1:8564628-8581919,SNORD128,18301,H3K27ac,LateralTemporalLobe,106632271
chr1:8582611-8588254,SNORD128,30460,H3K27ac,LateralTemporalLobe,106632271
chr1:8595777-8597222,SNORD128,41527,H3K27ac,LateralTemporalLobe,106632271
chr1:8602163-8602845,SNORD128,47531,H3K27ac,LateralTemporalLobe,106632271
chr1:8609281-8615519,SNORD128,57427,H3K27ac,LateralTemporalLobe,106632271
chr1:8617998-8624332,SNORD128,66192,H3K27ac,LateralTemporalLobe,106632271
chr1:8627138-8628714,SNORD128,72953,H3K27ac,LateralTemporalLobe,106632271
chr1:8640685-8641083,SNORD128,85911,H3K27ac,LateralTemporalLobe,106632271
chr1:8646629-8653916,SNORD128,95300,H3K27ac,LateralTemporalLobe,106632271
chr1:8654851-8655197,SNORD128,100051,H3K27ac,LateralTemporalLobe,106632271
chr1:8655887-8660341,SNORD128,103141,H3K27ac,LateralTemporalLobe,106632271
chr1:8680186-8681556,SNORD128,125898,H3K27ac,LateralTemporalLobe,106632271
chr1:8685571-8694705,SNORD128,135165,H3K27ac,LateralTemporalLobe,106632271
chr1:8701199-8705344,SNORD128,148299,H3K27ac,LateralTemporalLobe,106632271
chr1:8705668-8709753,SNORD128,152738,H3K27ac,LateralTemporalLobe,106632271
chr1:8710700-8713373,SNORD128,157064,H3K27ac,LateralTemporalLobe,106632271
chr1:8714094-8714325,SNORD128,159237,H3K27ac,LateralTemporalLobe,106632271
chr1:8718703-8735643,RERE,150526,H3K27ac,LateralTemporalLobe,473
chr1:8737839-8741470,RERE,138044,H3K27ac,LateralTemporalLobe,473
chr1:8743243-8744003,RERE,134076,H3K27ac,LateralTemporalLobe,473
chr1:8744769-8747561,RERE,131534,H3K27ac,LateralTemporalLobe,473
chr1:8748208-8748583,RERE,129303,H3K27ac,LateralTemporalLobe,473
chr1:8752488-8756727,RERE,123091,H3K27ac,LateralTemporalLobe,473
chr1:8757606-8768754,RERE,114519,H3K27ac,LateralTemporalLobe,473
chr1:8769408-8773814,RERE,106088,H3K27ac,LateralTemporalLobe,473
chr1:8774987-8776993,RERE,101709,H3K27ac,LateralTemporalLobe,473
chr1:8778374-8779474,RERE,98775,H3K27ac,LateralTemporalLobe,473
chr1:8780545-8782347,RERE,96253,H3K27ac,LateralTemporalLobe,473
chr1:8786225-8789851,RERE,89661,H3K27ac,LateralTemporalLobe,473
chr1:8800812-8801733,RERE,76426,H3K27ac,LateralTemporalLobe,473
chr1:8840240-8841567,RERE,36795,H3K27ac,LateralTemporalLobe,473
chr1:8843060-8844312,RERE,34013,H3K27ac,LateralTemporalLobe,473
chr1:8846919-8851271,RERE,28604,H3K27ac,LateralTemporalLobe,473
chr1:8870059-8880494,RERE,2422,H3K27ac,LateralTemporalLobe,473
chr1:8881123-8884794,RERE,5260,H3K27ac,LateralTemporalLobe,473
chr1:8885938-8886672,RERE,8606,H3K27ac,LateralTemporalLobe,473
chr1:8890801-8893528,RERE,14466,H3K27ac,LateralTemporalLobe,473
chr1:8894694-8897622,RERE,18459,H3K27ac,LateralTemporalLobe,473
chr1:8902569-8912114,MIR6728,19307,H3K27ac,LateralTemporalLobe,102465436
chr1:8913915-8914995,MIR6728,12194,H3K27ac,LateralTemporalLobe,102465436
chr1:8916190-8941828,MIR6728,2360,H3K27ac,LateralTemporalLobe,102465436
chr1:8943082-8952795,ENO1,8788,H3K27ac,LateralTemporalLobe,2023
chr1:8962456-8966127,ENO1,25141,H3K27ac,LateralTemporalLobe,2023
chr1:8970217-8970550,ENO1,31233,H3K27ac,LateralTemporalLobe,2023
chr1:8973161-8987769,CA6,25428,H3K27ac,LateralTemporalLobe,765
chr1:8989314-8990485,CA6,15993,H3K27ac,LateralTemporalLobe,765
chr1:8995250-9018909,CA6,1187,H3K27ac,LateralTemporalLobe,765
chr1:9022511-9024957,CA6,17841,H3K27ac,LateralTemporalLobe,765
chr1:9026749-9028408,CA6,21686,H3K27ac,LateralTemporalLobe,765
chr1:9030960-9032294,CA6,25734,H3K27ac,LateralTemporalLobe,765
chr1:9033619-9034905,CA6,28369,H3K27ac,LateralTemporalLobe,765
chr1:9042924-9053459,SLC2A7,38212,H3K27ac,LateralTemporalLobe,155184
chr1:9062858-9072566,SLC2A7,18692,H3K27ac,LateralTemporalLobe,155184
chr1:9100242-9100665,SLC2A7,14050,H3K27ac,LateralTemporalLobe,155184
chr1:9117869-9118698,SLC2A5,11603,H3K27ac,LateralTemporalLobe,6518
chr1:9120861-9127975,SLC2A5,5469,H3K27ac,LateralTemporalLobe,6518
chr1:9144360-9146333,SLC2A5,13061,H3K27ac,LateralTemporalLobe,6518
chr1:9158045-9162306,SLC2A5,27890,H3K27ac,LateralTemporalLobe,6518
chr1:9165260-9168678,GPR157,22260,H3K27ac,LateralTemporalLobe,80045
chr1:9169454-9176099,GPR157,16452,H3K27ac,LateralTemporalLobe,80045
chr1:9179907-9181146,GPR157,8702,H3K27ac,LateralTemporalLobe,80045
chr1:9194368-9195603,GPR157,5757,H3K27ac,LateralTemporalLobe,80045
chr1:9202379-9206525,MIR34A,7384,H3K27ac,LateralTemporalLobe,407040
chr1:9216027-9216435,MIR34A,4395,H3K27ac,LateralTemporalLobe,407040
chr1:9220618-9230148,MIR34A,13547,H3K27ac,LateralTemporalLobe,407040
chr1:9233344-9234866,LINC01759,8158,H3K27ac,LateralTemporalLobe,102724571
chr1:9251431-9264723,MIR34AHG,15680,H3K27ac,LateralTemporalLobe,106614088
chr1:9270829-9271078,H6PD,23909,H3K27ac,LateralTemporalLobe,9563
chr1:9291038-9318198,H6PD,4715,H3K27ac,LateralTemporalLobe,9563
chr1:9334929-9337116,SPSB1,16918,H3K27ac,LateralTemporalLobe,80176
chr1:9337972-9343771,SPSB1,12069,H3K27ac,LateralTemporalLobe,80176
chr1:9349836-9358189,SPSB1,1072,H3K27ac,LateralTemporalLobe,80176
chr1:9359423-9390223,SPSB1,21882,H3K27ac,LateralTemporalLobe,80176
chr1:9391596-9403620,SPSB1,44667,H3K27ac,LateralTemporalLobe,80176
chr1:9404284-9416734,SPSB1,57568,H3K27ac,LateralTemporalLobe,80176
chr1:9417578-9468546,LOC100506022,45913,H3K27ac,LateralTemporalLobe,100506022
chr1:9470823-9484556,LOC100506022,11285,H3K27ac,LateralTemporalLobe,100506022
chr1:9491194-9505507,LOC100506022,9296,H3K27ac,LateralTemporalLobe,100506022
chr1:9506109-9518355,LOC100506022,23177,H3K27ac,LateralTemporalLobe,100506022
chr1:9519527-9520688,LOC100506022,31053,H3K27ac,LateralTemporalLobe,100506022
chr1:9526753-9528365,LOC100506022,38504,H3K27ac,LateralTemporalLobe,100506022
chr1:9530330-9537053,LOC100506022,44637,H3K27ac,LateralTemporalLobe,100506022
chr1:9546297-9551484,SLC25A33,50637,H3K27ac,LateralTemporalLobe,84275
chr1:9552104-9556277,SLC25A33,45337,H3K27ac,LateralTemporalLobe,84275
chr1:9564766-9568195,SLC25A33,33047,H3K27ac,LateralTemporalLobe,84275
chr1:9585417-9605401,SLC25A33,4119,H3K27ac,LateralTemporalLobe,84275
chr1:9606795-9609323,SLC25A33,8531,H3K27ac,LateralTemporalLobe,84275
chr1:9617113-9622765,SLC25A33,20411,H3K27ac,LateralTemporalLobe,84275
chr1:9633542-9640514,TMEM201,11904,H3K27ac,LateralTemporalLobe,199953
chr1:9645492-9677118,TMEM201,12373,H3K27ac,LateralTemporalLobe,199953
chr1:9685210-9691798,PIK3CD,23286,H3K27ac,LateralTemporalLobe,5293
chr1:9736979-9737251,PIK3CD-AS2,10517,H3K27ac,LateralTemporalLobe,101929074
chr1:9738733-9738920,PIK3CD-AS2,8805,H3K27ac,LateralTemporalLobe,101929074
chr1:9743850-9744279,PIK3CD-AS2,3567,H3K27ac,LateralTemporalLobe,101929074
chr1:9745845-9753020,PIK3CD-AS2,1801,H3K27ac,LateralTemporalLobe,101929074
chr1:9753819-9755009,PIK3CD-AS2,6782,H3K27ac,LateralTemporalLobe,101929074
chr1:9757735-9763388,PIK3CD-AS2,12930,H3K27ac,LateralTemporalLobe,101929074
chr1:9773103-9783047,PIK3CD-AS2,30443,H3K27ac,LateralTemporalLobe,101929074
chr1:9784018-9785344,PIK3CD-AS2,37049,H3K27ac,LateralTemporalLobe,101929074
chr1:9786091-9800770,PIK3CD-AS2,45799,H3K27ac,LateralTemporalLobe,101929074
chr1:9802851-9806014,PIK3CD-AS2,56801,H3K27ac,LateralTemporalLobe,101929074
chr1:9806025-9807820,PIK3CD-AS2,59291,H3K27ac,LateralTemporalLobe,101929074
chr1:9808576-9814645,PIK3CD-AS2,63979,H3K27ac,LateralTemporalLobe,101929074
chr1:9814860-9816891,PIK3CD-AS2,68244,H3K27ac,LateralTemporalLobe,101929074
chr1:9817822-9822636,CLSTN1,64355,H3K27ac,LateralTemporalLobe,22883
chr1:9823339-9828256,CLSTN1,58786,H3K27ac,LateralTemporalLobe,22883
chr1:9833847-9841771,CLSTN1,46775,H3K27ac,LateralTemporalLobe,22883
chr1:9842591-9849386,CLSTN1,38595,H3K27ac,LateralTemporalLobe,22883
chr1:9851391-9854806,CLSTN1,31485,H3K27ac,LateralTemporalLobe,22883
chr1:9856921-9859820,CLSTN1,26213,H3K27ac,LateralTemporalLobe,22883
chr1:9861775-9863847,CLSTN1,21773,H3K27ac,LateralTemporalLobe,22883
chr1:9864461-9866337,CLSTN1,19185,H3K27ac,LateralTemporalLobe,22883
chr1:9867125-9877238,CLSTN1,12402,H3K27ac,LateralTemporalLobe,22883
chr1:9889625-9892227,CLSTN1,6342,H3K27ac,LateralTemporalLobe,22883
chr1:9892871-9914977,CLSTN1,19340,H3K27ac,LateralTemporalLobe,22883
chr1:9915867-9916076,CLSTN1,31388,H3K27ac,LateralTemporalLobe,22883
chr1:9917452-9925179,CLSTN1,36732,H3K27ac,LateralTemporalLobe,22883
chr1:9925833-9939918,CTNNBIP1,37440,H3K27ac,LateralTemporalLobe,56998
chr1:9940721-9965881,CTNNBIP1,17015,H3K27ac,LateralTemporalLobe,56998
chr1:9987146-9992387,NMNAT1,13214,H3K27ac,LateralTemporalLobe,64802
chr1:9995089-10000681,NMNAT1,5096,H3K27ac,LateralTemporalLobe,64802
chr1:10001259-10013198,NMNAT1,3743,H3K27ac,LateralTemporalLobe,64802
chr1:10037300-10039585,MIR5697,11004,H3K27ac,LateralTemporalLobe,100847055
chr1:10041112-10048615,RBP7,12391,H3K27ac,LateralTemporalLobe,116362
chr1:10049004-10054375,RBP7,5565,H3K27ac,LateralTemporalLobe,116362
chr1:10060044-10063835,RBP7,4685,H3K27ac,LateralTemporalLobe,116362
chr1:10064666-10068129,RBP7,9143,H3K27ac,LateralTemporalLobe,116362
chr1:10072617-10077165,RBP7,17636,H3K27ac,LateralTemporalLobe,116362
chr1:10077918-10079215,UBE4B,14474,H3K27ac,LateralTemporalLobe,10277
chr1:10080146-10082601,UBE4B,11667,H3K27ac,LateralTemporalLobe,10277
chr1:10087553-10088179,UBE4B,5175,H3K27ac,LateralTemporalLobe,10277
chr1:10097653-10103243,UBE4B,7407,H3K27ac,LateralTemporalLobe,10277
chr1:10103765-10132327,UBE4B,25005,H3K27ac,LateralTemporalLobe,10277
chr1:10133195-10140202,UBE4B,43658,H3K27ac,LateralTemporalLobe,10277
chr1:10142228-10146037,UBE4B,51092,H3K27ac,LateralTemporalLobe,10277
chr1:10149008-10150522,UBE4B,56724,H3K27ac,LateralTemporalLobe,10277
chr1:10151319-10152872,UBE4B,59055,H3K27ac,LateralTemporalLobe,10277
chr1:10162551-10178491,UBE4B,77480,H3K27ac,LateralTemporalLobe,10277
chr1:10178778-10197747,KIF1B,82501,H3K27ac,LateralTemporalLobe,23095
chr1:10198421-10207943,KIF1B,67582,H3K27ac,LateralTemporalLobe,23095
chr1:10208350-10217794,KIF1B,57692,H3K27ac,LateralTemporalLobe,23095
chr1:10219521-10227290,KIF1B,47358,H3K27ac,LateralTemporalLobe,23095
chr1:10229118-10233130,KIF1B,39640,H3K27ac,LateralTemporalLobe,23095
chr1:10233770-10234078,KIF1B,36840,H3K27ac,LateralTemporalLobe,23095
chr1:10235078-10235315,KIF1B,35567,H3K27ac,LateralTemporalLobe,23095
chr1:10237408-10245574,KIF1B,29273,H3K27ac,LateralTemporalLobe,23095
chr1:10249812-10250490,KIF1B,20613,H3K27ac,LateralTemporalLobe,23095
chr1:10251805-10256195,KIF1B,16764,H3K27ac,LateralTemporalLobe,23095
chr1:10275544-10282511,KIF1B,8264,H3K27ac,LateralTemporalLobe,23095
chr1:10283668-10288238,KIF1B,15189,H3K27ac,LateralTemporalLobe,23095
chr1:10306733-10307119,KIF1B,36162,H3K27ac,LateralTemporalLobe,23095
chr1:10308048-10308885,KIF1B,37703,H3K27ac,LateralTemporalLobe,23095
chr1:10309605-10314331,KIF1B,41204,H3K27ac,LateralTemporalLobe,23095
chr1:10315065-10318724,RNU6-2,42129,H3K27ac,LateralTemporalLobe,103625684
chr1:10324362-10327340,RNU6-2,33173,H3K27ac,LateralTemporalLobe,103625684
chr1:10330678-10332027,RNU6-2,27671,H3K27ac,LateralTemporalLobe,103625684
chr1:10337209-10338140,RNU6-2,21349,H3K27ac,LateralTemporalLobe,103625684
chr1:10339888-10341201,RNU6-2,18479,H3K27ac,LateralTemporalLobe,103625684
chr1:10342013-10350872,RNU6-2,12581,H3K27ac,LateralTemporalLobe,103625684
chr1:10353540-10360283,RNU6-2,2112,H3K27ac,LateralTemporalLobe,103625684
chr1:10364326-10364702,RNU6-2,5490,H3K27ac,LateralTemporalLobe,103625684
chr1:10366554-10366717,RNU6-2,7612,H3K27ac,LateralTemporalLobe,103625684
chr1:10369319-10373280,RNU6-2,12276,H3K27ac,LateralTemporalLobe,103625684
chr1:10378269-10378533,RNU6-2,19377,H3K27ac,LateralTemporalLobe,103625684
chr1:10381856-10384201,RNU6-2,24005,H3K27ac,LateralTemporalLobe,103625684
chr1:10385672-10388836,RNU6-2,28230,H3K27ac,LateralTemporalLobe,103625684
chr1:10392095-10406281,RNU6-2,40164,H3K27ac,LateralTemporalLobe,103625684
chr1:10407720-10409548,RNU6-2,49610,H3K27ac,LateralTemporalLobe,103625684
chr1:10410546-10414072,PGD,46740,H3K27ac,LateralTemporalLobe,5226
chr1:10418393-10420050,PGD,39827,H3K27ac,LateralTemporalLobe,5226
chr1:10425206-10426498,PGD,33197,H3K27ac,LateralTemporalLobe,5226
chr1:10427684-10428602,PGD,30906,H3K27ac,LateralTemporalLobe,5226
chr1:10430285-10431865,PGD,27974,H3K27ac,LateralTemporalLobe,5226
chr1:10432482-10450485,PGD,17565,H3K27ac,LateralTemporalLobe,5226
chr1:10455579-10470734,PGD,3982,H3K27ac,LateralTemporalLobe,5226
chr1:10471369-10473413,PGD,13216,H3K27ac,LateralTemporalLobe,5226
chr1:10474438-10478749,CENPS,13565,H3K27ac,LateralTemporalLobe,378708
chr1:10478954-10487009,CENPS,7177,H3K27ac,LateralTemporalLobe,378708
chr1:10487642-10500825,APITD1-CORT,3430,H3K27ac,LateralTemporalLobe,100526739
chr1:10508188-10514121,CORT,1379,H3K27ac,LateralTemporalLobe,1325
chr1:10515657-10519935,CORT,8020,H3K27ac,LateralTemporalLobe,1325
chr1:10520443-10521766,CORT,11329,H3K27ac,LateralTemporalLobe,1325
chr1:10522659-10523641,DFFA,9463,H3K27ac,LateralTemporalLobe,1676
chr1:10534278-10540720,PEX14,2496,H3K27ac,LateralTemporalLobe,5195
chr1:10552750-10560973,PEX14,21859,H3K27ac,LateralTemporalLobe,5195
chr1:10564438-10567820,PEX14,31126,H3K27ac,LateralTemporalLobe,5195
chr1:10568491-10580768,PEX14,39627,H3K27ac,LateralTemporalLobe,5195
chr1:10587912-10593239,PEX14,55573,H3K27ac,LateralTemporalLobe,5195
chr1:10613225-10614691,PEX14,78955,H3K27ac,LateralTemporalLobe,5195
chr1:10653970-10659521,PEX14,121743,H3K27ac,LateralTemporalLobe,5195
chr1:10673644-10676902,PEX14,140270,H3K27ac,LateralTemporalLobe,5195
chr1:10678255-10679094,PEX14,143672,H3K27ac,LateralTemporalLobe,5195
chr1:10680008-10696494,PEX14,153248,H3K27ac,LateralTemporalLobe,5195
chr1:10697277-10707820,CASZ1,154184,H3K27ac,LateralTemporalLobe,54897
chr1:10708486-10714087,CASZ1,145446,H3K27ac,LateralTemporalLobe,54897
chr1:10714831-10717513,CASZ1,140561,H3K27ac,LateralTemporalLobe,54897
chr1:10722545-10759693,CASZ1,115614,H3K27ac,LateralTemporalLobe,54897
chr1:10761123-10763486,CASZ1,94428,H3K27ac,LateralTemporalLobe,54897
chr1:10764397-10770891,CASZ1,89089,H3K27ac,LateralTemporalLobe,54897
chr1:10771910-10778859,CASZ1,81348,H3K27ac,LateralTemporalLobe,54897
chr1:10784520-10790582,CASZ1,69182,H3K27ac,LateralTemporalLobe,54897
chr1:10792540-10800611,CASZ1,60157,H3K27ac,LateralTemporalLobe,54897
chr1:10801362-10803815,CASZ1,54144,H3K27ac,LateralTemporalLobe,54897
chr1:10805545-10806966,CASZ1,50477,H3K27ac,LateralTemporalLobe,54897
chr1:10811280-10812777,CASZ1,44704,H3K27ac,LateralTemporalLobe,54897
chr1:10813420-10818791,CASZ1,40627,H3K27ac,LateralTemporalLobe,54897
chr1:10824314-10828933,CASZ1,30109,H3K27ac,LateralTemporalLobe,54897
chr1:10831860-10837525,CASZ1,22040,H3K27ac,LateralTemporalLobe,54897
chr1:10838664-10850292,CASZ1,12255,H3K27ac,LateralTemporalLobe,54897
chr1:10859717-10860749,CASZ1,3500,H3K27ac,LateralTemporalLobe,54897
chr1:10862923-10865008,CASZ1,7233,H3K27ac,LateralTemporalLobe,54897
chr1:10884063-10886325,CASZ1,28461,H3K27ac,LateralTemporalLobe,54897
chr1:10887164-10890672,CASZ1,32185,H3K27ac,LateralTemporalLobe,54897
chr1:10894778-10897742,CASZ1,39527,H3K27ac,LateralTemporalLobe,54897
chr1:10918132-10918351,CASZ1,61509,H3K27ac,LateralTemporalLobe,54897
chr1:10921373-10930364,CASZ1,69136,H3K27ac,LateralTemporalLobe,54897
chr1:10937279-10938746,CASZ1,81280,H3K27ac,LateralTemporalLobe,54897
chr1:10958260-10962869,C1orf127,81529,H3K27ac,LateralTemporalLobe,148345
chr1:10964789-10965112,C1orf127,77143,H3K27ac,LateralTemporalLobe,148345
chr1:10977116-10978838,C1orf127,64117,H3K27ac,LateralTemporalLobe,148345
chr1:10993952-10995844,C1orf127,47196,H3K27ac,LateralTemporalLobe,148345
chr1:10997258-11009778,C1orf127,38576,H3K27ac,LateralTemporalLobe,148345
chr1:11009913-11011550,C1orf127,31362,H3K27ac,LateralTemporalLobe,148345
chr1:11013644-11014040,C1orf127,28252,H3K27ac,LateralTemporalLobe,148345
chr1:11016345-11030900,C1orf127,18471,H3K27ac,LateralTemporalLobe,148345
chr1:11032236-11043629,C1orf127,4161,H3K27ac,LateralTemporalLobe,148345
chr1:11057516-11059171,TARDBP,14335,H3K27ac,LateralTemporalLobe,23435
chr1:11063741-11063924,TARDBP,8846,H3K27ac,LateralTemporalLobe,23435
chr1:11069324-11078934,TARDBP,1450,H3K27ac,LateralTemporalLobe,23435
chr1:11090858-11096313,MASP2,13710,H3K27ac,LateralTemporalLobe,10747
chr1:11097011-11100411,MASP2,8585,H3K27ac,LateralTemporalLobe,10747
chr1:11102643-11108030,MASP2,1959,H3K27ac,LateralTemporalLobe,10747
chr1:11110959-11115149,MASP2,5758,H3K27ac,LateralTemporalLobe,10747
chr1:11126029-11140187,SRM,13017,H3K27ac,LateralTemporalLobe,6723
chr1:11140800-11143429,LOC105376736,17617,H3K27ac,LateralTemporalLobe,105376736
chr1:11165692-11172980,LOC105376736,9260,H3K27ac,LateralTemporalLobe,105376736
chr1:11173706-11177530,LOC105376736,15542,H3K27ac,LateralTemporalLobe,105376736
chr1:11184512-11191814,MTOR-AS1,15792,H3K27ac,LateralTemporalLobe,100873935
chr1:11192806-11195818,MTOR-AS1,9643,H3K27ac,LateralTemporalLobe,100873935
chr1:11197672-11201577,MTOR-AS1,4330,H3K27ac,LateralTemporalLobe,100873935
chr1:11203741-11207977,MTOR-AS1,1904,H3K27ac,LateralTemporalLobe,100873935
chr1:11209654-11214046,MTOR-AS1,7895,H3K27ac,LateralTemporalLobe,100873935
chr1:11215613-11221651,MTOR-AS1,14677,H3K27ac,LateralTemporalLobe,100873935
chr1:11233748-11241568,ANGPTL7,11688,H3K27ac,LateralTemporalLobe,10218
chr1:11242018-11242975,ANGPTL7,6849,H3K27ac,LateralTemporalLobe,10218
chr1:11244298-11251518,ANGPTL7,1438,H3K27ac,LateralTemporalLobe,10218
chr1:11253139-11260598,ANGPTL7,7523,H3K27ac,LateralTemporalLobe,10218
chr1:11263553-11265753,ANGPTL7,15307,H3K27ac,LateralTemporalLobe,10218
chr1:11266464-11280015,ANGPTL7,23894,H3K27ac,LateralTemporalLobe,10218
chr1:11280647-11281316,ANGPTL7,31636,H3K27ac,LateralTemporalLobe,10218
chr1:11286581-11292878,MTOR,32878,H3K27ac,LateralTemporalLobe,2475
chr1:11297204-11299766,MTOR,24123,H3K27ac,LateralTemporalLobe,2475
chr1:11305569-11309165,MTOR,15241,H3K27ac,LateralTemporalLobe,2475
chr1:11312035-11317323,MTOR,7929,H3K27ac,LateralTemporalLobe,2475
chr1:11326187-11336699,UBIAD1,1812,H3K27ac,LateralTemporalLobe,29914
chr1:11337450-11338250,UBIAD1,4595,H3K27ac,LateralTemporalLobe,29914
chr1:11344347-11351426,UBIAD1,14632,H3K27ac,LateralTemporalLobe,29914
chr1:11358379-11360200,UBIAD1,26035,H3K27ac,LateralTemporalLobe,29914
chr1:11360662-11364109,UBIAD1,29131,H3K27ac,LateralTemporalLobe,29914
chr1:11370994-11382986,UBIAD1,43735,H3K27ac,LateralTemporalLobe,29914
chr1:11387097-11389220,UBIAD1,54904,H3K27ac,LateralTemporalLobe,29914
chr1:11390407-11392127,UBIAD1,58012,H3K27ac,LateralTemporalLobe,29914
chr1:11393307-11396722,UBIAD1,61760,H3K27ac,LateralTemporalLobe,29914
chr1:11397606-11403727,UBIAD1,67412,H3K27ac,LateralTemporalLobe,29914
chr1:11412325-11414108,UBIAD1,79962,H3K27ac,LateralTemporalLobe,29914
chr1:11415047-11420122,UBIAD1,84330,H3K27ac,LateralTemporalLobe,29914
chr1:11429888-11430296,UBIAD1,96837,H3K27ac,LateralTemporalLobe,29914
chr1:11434604-11435983,UBIAD1,102039,H3K27ac,LateralTemporalLobe,29914
chr1:11442786-11446014,DISP3,94895,H3K27ac,LateralTemporalLobe,57540
chr1:11457271-11457945,DISP3,81687,H3K27ac,LateralTemporalLobe,57540
chr1:11473664-11475988,DISP3,64469,H3K27ac,LateralTemporalLobe,57540
chr1:11476594-11476877,DISP3,62559,H3K27ac,LateralTemporalLobe,57540
chr1:11488412-11489103,DISP3,50537,H3K27ac,LateralTemporalLobe,57540
chr1:11494058-11495727,DISP3,44402,H3K27ac,LateralTemporalLobe,57540
chr1:11500679-11503008,DISP3,37451,H3K27ac,LateralTemporalLobe,57540
chr1:11503975-11507226,DISP3,33694,H3K27ac,LateralTemporalLobe,57540
chr1:11507966-11524572,DISP3,23026,H3K27ac,LateralTemporalLobe,57540
chr1:11526622-11527020,DISP3,12474,H3K27ac,LateralTemporalLobe,57540
chr1:11531728-11532233,DISP3,7314,H3K27ac,LateralTemporalLobe,57540
chr1:11532961-11551239,DISP3,2805,H3K27ac,LateralTemporalLobe,57540
chr1:11554543-11557096,DISP3,16525,H3K27ac,LateralTemporalLobe,57540
chr1:11557751-11562963,DISP3,21062,H3K27ac,LateralTemporalLobe,57540
chr1:11587999-11592516,DISP3,50963,H3K27ac,LateralTemporalLobe,57540
chr1:11593927-11596266,DISP3,55802,H3K27ac,LateralTemporalLobe,57540
chr1:11600981-11601622,DISP3,62007,H3K27ac,LateralTemporalLobe,57540
chr1:11641013-11642481,LINC01647,27841,H3K27ac,LateralTemporalLobe,101929181
chr1:11670094-11671153,LINC01647,1036,H3K27ac,LateralTemporalLobe,101929181
chr1:11675449-11675700,LINC01647,5987,H3K27ac,LateralTemporalLobe,101929181
chr1:11689521-11690928,LINC01647,20637,H3K27ac,LateralTemporalLobe,101929181
chr1:11697033-11704824,FBXO44,13503,H3K27ac,LateralTemporalLobe,93611
chr1:11730367-11759164,MAD2L2,3495,H3K27ac,LateralTemporalLobe,10459
chr1:11759667-11777836,DRAXIN,16971,H3K27ac,LateralTemporalLobe,374946
chr1:11778557-11816473,AGTRAP,1373,H3K27ac,LateralTemporalLobe,57085
chr1:11820155-11820534,C1orf167,1905,H3K27ac,LateralTemporalLobe,284498
chr1:11830866-11832849,LOC102724659,7818,H3K27ac,LateralTemporalLobe,102724659
chr1:11834385-11842692,LOC102724659,1137,H3K27ac,LateralTemporalLobe,102724659
chr1:11843243-11858495,LOC102724659,11193,H3K27ac,LateralTemporalLobe,102724659
chr1:11870454-11879572,MTHFR,8853,H3K27ac,LateralTemporalLobe,4524
chr1:11882355-11889277,NPPA-AS1,14560,H3K27ac,LateralTemporalLobe,100379251
chr1:11892393-11892637,NPPA-AS1,7861,H3K27ac,LateralTemporalLobe,100379251
chr1:11895665-11898892,NPPA-AS1,3097,H3K27ac,LateralTemporalLobe,100379251
chr1:11901334-11904094,NPPA-AS1,2338,H3K27ac,LateralTemporalLobe,100379251
chr1:11933968-11934764,NPPB,15374,H3K27ac,LateralTemporalLobe,4879
chr1:11938678-11943909,NPPB,22302,H3K27ac,LateralTemporalLobe,4879
chr1:11950230-11956914,KIAA2013,32913,H3K27ac,LateralTemporalLobe,90231
chr1:11958147-11959837,KIAA2013,27493,H3K27ac,LateralTemporalLobe,90231
chr1:11965512-11982799,KIAA2013,12329,H3K27ac,LateralTemporalLobe,90231
chr1:11983470-12047860,PLOD1,20941,H3K27ac,LateralTemporalLobe,5351
chr1:12048512-12051683,MFN2,9860,H3K27ac,LateralTemporalLobe,9927
chr1:12058228-12067713,MIIP,16328,H3K27ac,LateralTemporalLobe,60672
chr1:12069328-12076696,MIIP,6287,H3K27ac,LateralTemporalLobe,60672
chr1:12078094-12083065,MIIP,1281,H3K27ac,LateralTemporalLobe,60672
chr1:12093892-12096088,MIR6729,5775,H3K27ac,LateralTemporalLobe,102466982
chr1:12097129-12100036,MIR6729,9368,H3K27ac,LateralTemporalLobe,102466982
chr1:12111324-12115680,TNFRSF8,9932,H3K27ac,LateralTemporalLobe,943
chr1:12151461-12152227,TNFRSF8,28410,H3K27ac,LateralTemporalLobe,943
chr1:12171596-12174206,TNFRSF8,49467,H3K27ac,LateralTemporalLobe,943
chr1:12183253-12188715,MIR7846,41016,H3K27ac,LateralTemporalLobe,102465836
chr1:12194286-12196068,MIR7846,31823,H3K27ac,LateralTemporalLobe,102465836
chr1:12198310-12212163,MIR7846,21763,H3K27ac,LateralTemporalLobe,102465836
chr1:12212381-12214286,MIR7846,13666,H3K27ac,LateralTemporalLobe,102465836
chr1:12217588-12223268,MIR7846,6572,H3K27ac,LateralTemporalLobe,102465836
chr1:12223955-12236221,TNFRSF1B,3028,H3K27ac,LateralTemporalLobe,7133
chr1:12236722-12247072,MIR4632,9873,H3K27ac,LateralTemporalLobe,100616438
chr1:12256212-12257809,MIR4632,5241,H3K27ac,LateralTemporalLobe,100616438
chr1:12261811-12272262,MIR4632,15267,H3K27ac,LateralTemporalLobe,100616438
chr1:12298888-12299594,VPS13D,9145,H3K27ac,LateralTemporalLobe,55187
chr1:12364498-12368666,VPS13D,76486,H3K27ac,LateralTemporalLobe,55187
chr1:12375549-12381801,VPS13D,88579,H3K27ac,LateralTemporalLobe,55187
chr1:12384472-12385289,VPS13D,94785,H3K27ac,LateralTemporalLobe,55187
chr1:12395258-12406238,VPS13D,110652,H3K27ac,LateralTemporalLobe,55187
chr1:12432985-12434113,SNORA59B,133751,H3K27ac,LateralTemporalLobe,677882
chr1:12435003-12436994,SNORA59B,131301,H3K27ac,LateralTemporalLobe,677882
chr1:12440078-12442501,SNORA59B,126010,H3K27ac,LateralTemporalLobe,677882
chr1:12450620-12450888,SNORA59B,116546,H3K27ac,LateralTemporalLobe,677882
chr1:12464417-12468921,SNORA59B,100631,H3K27ac,LateralTemporalLobe,677882
chr1:12481338-12486885,SNORA59B,83188,H3K27ac,LateralTemporalLobe,677882
chr1:12491458-12496614,SNORA59B,73264,H3K27ac,LateralTemporalLobe,677882
chr1:12498373-12501669,SNORA59B,67279,H3K27ac,LateralTemporalLobe,677882
chr1:12505610-12515390,SNORA59B,56800,H3K27ac,LateralTemporalLobe,677882
chr1:12523475-12524141,SNORA59B,43492,H3K27ac,LateralTemporalLobe,677882
chr1:12529956-12531272,SNORA59B,36686,H3K27ac,LateralTemporalLobe,677882
chr1:12532259-12534373,SNORA59B,33984,H3K27ac,LateralTemporalLobe,677882
chr1:12534894-12542415,SNORA59B,28645,H3K27ac,LateralTemporalLobe,677882
chr1:12544640-12547010,SNORA59B,21475,H3K27ac,LateralTemporalLobe,677882
chr1:12555768-12557652,SNORA59B,10590,H3K27ac,LateralTemporalLobe,677882
chr1:12561879-12575543,SNORA59A,1411,H3K27ac,LateralTemporalLobe,677885
chr1:12585262-12586428,SNORA59A,18545,H3K27ac,LateralTemporalLobe,677885
chr1:12587560-12588952,SNORA59A,20956,H3K27ac,LateralTemporalLobe,677885
chr1:12600193-12602500,SNORA59A,34047,H3K27ac,LateralTemporalLobe,677885
chr1:12606866-12610751,MIR6730,30242,H3K27ac,LateralTemporalLobe,102466722
chr1:12612003-12618678,MIR6730,23710,H3K27ac,LateralTemporalLobe,102466722
chr1:12626429-12626654,MIR6730,12509,H3K27ac,LateralTemporalLobe,102466722
chr1:12629705-12630968,MIR6730,8714,H3K27ac,LateralTemporalLobe,102466722
chr1:12639303-12641622,MIR6730,1412,H3K27ac,LateralTemporalLobe,102466722
chr1:12672146-12672448,DHRS3,4491,H3K27ac,LateralTemporalLobe,9249
chr1:13903175-13904419,PDPN,6455,H3K27ac,LateralTemporalLobe,10630
chr1:13907688-13908383,PDPN,2216,H3K27ac,LateralTemporalLobe,10630
chr1:13919378-13921170,PDPN,8307,H3K27ac,LateralTemporalLobe,10630
chr1:13945099-13947988,PDPN,34577,H3K27ac,LateralTemporalLobe,10630
chr1:13948815-13951300,PDPN,38091,H3K27ac,LateralTemporalLobe,10630
chr1:13967518-13969911,PDPN,56748,H3K27ac,LateralTemporalLobe,10630
chr1:14019274-14020243,PRDM2,6976,H3K27ac,LateralTemporalLobe,7799
chr1:14020880-14023231,PRDM2,4679,H3K27ac,LateralTemporalLobe,7799
chr1:14049764-14050395,PRDM2,18730,H3K27ac,LateralTemporalLobe,7799
chr1:14051831-14054236,PRDM2,21684,H3K27ac,LateralTemporalLobe,7799
chr1:14054815-14058699,PRDM2,19119,H3K27ac,LateralTemporalLobe,7799
chr1:14066684-14069567,PRDM2,7750,H3K27ac,LateralTemporalLobe,7799
chr1:14075006-14084937,PRDM2,4096,H3K27ac,LateralTemporalLobe,7799
chr1:14085809-14086135,PRDM2,10096,H3K27ac,LateralTemporalLobe,7799
chr1:14086856-14093259,PRDM2,14182,H3K27ac,LateralTemporalLobe,7799
chr1:14093796-14096697,PRDM2,19371,H3K27ac,LateralTemporalLobe,7799
chr1:14102133-14102482,PRDM2,26432,H3K27ac,LateralTemporalLobe,7799
chr1:14103100-14105040,PRDM2,28194,H3K27ac,LateralTemporalLobe,7799
chr1:14105447-14113589,PRDM2,33642,H3K27ac,LateralTemporalLobe,7799
chr1:14114621-14123280,PRDM2,43075,H3K27ac,LateralTemporalLobe,7799
chr1:14125633-14136231,PRDM2,55056,H3K27ac,LateralTemporalLobe,7799
chr1:14136757-14141428,PRDM2,63217,H3K27ac,LateralTemporalLobe,7799
chr1:14144532-14147500,PRDM2,70140,H3K27ac,LateralTemporalLobe,7799
chr1:14149905-14151406,PRDM2,74780,H3K27ac,LateralTemporalLobe,7799
chr1:14152752-14157938,PRDM2,79469,H3K27ac,LateralTemporalLobe,7799
chr1:14217570-14217727,PRDM2,141773,H3K27ac,LateralTemporalLobe,7799
chr1:14218044-14222314,PRDM2,144303,H3K27ac,LateralTemporalLobe,7799
chr1:14234781-14235501,PRDM2,159265,H3K27ac,LateralTemporalLobe,7799
chr1:14242608-14243483,PRDM2,167170,H3K27ac,LateralTemporalLobe,7799
chr1:14248165-14249307,PRDM2,172860,H3K27ac,LateralTemporalLobe,7799
chr1:14251961-14254566,PRDM2,177388,H3K27ac,LateralTemporalLobe,7799
chr1:14273897-14274207,PRDM2,198176,H3K27ac,LateralTemporalLobe,7799
chr1:14274982-14275627,PRDM2,199429,H3K27ac,LateralTemporalLobe,7799
chr1:14276202-14279044,PRDM2,201747,H3K27ac,LateralTemporalLobe,7799
chr1:14291035-14293170,PRDM2,216227,H3K27ac,LateralTemporalLobe,7799
chr1:14309912-14310153,PRDM2,234157,H3K27ac,LateralTemporalLobe,7799
chr1:14358966-14359484,PRDM2,283349,H3K27ac,LateralTemporalLobe,7799
chr1:14390601-14391494,PRDM2,315172,H3K27ac,LateralTemporalLobe,7799
chr1:14404297-14405691,PRDM2,329118,H3K27ac,LateralTemporalLobe,7799
chr1:14422898-14423911,PRDM2,347529,H3K27ac,LateralTemporalLobe,7799
chr1:14429250-14431093,PRDM2,354296,H3K27ac,LateralTemporalLobe,7799
chr1:14434002-14444653,PRDM2,363452,H3K27ac,LateralTemporalLobe,7799
chr1:14451435-14452024,PRDM2,375854,H3K27ac,LateralTemporalLobe,7799
chr1:14454012-14457214,PRDM2,379737,H3K27ac,LateralTemporalLobe,7799
chr1:14458733-14459033,PRDM2,383007,H3K27ac,LateralTemporalLobe,7799
chr1:14462493-14470823,PRDM2,390782,H3K27ac,LateralTemporalLobe,7799
chr1:14485510-14487073,PRDM2,410416,H3K27ac,LateralTemporalLobe,7799
chr1:14489896-14493015,PRDM2,415580,H3K27ac,LateralTemporalLobe,7799
chr1:14493555-14496707,PRDM2,419255,H3K27ac,LateralTemporalLobe,7799
chr1:14506699-14511812,KAZN,415957,H3K27ac,LateralTemporalLobe,23254
chr1:14519910-14521827,KAZN,404344,H3K27ac,LateralTemporalLobe,23254
chr1:14535380-14536566,KAZN,389240,H3K27ac,LateralTemporalLobe,23254
chr1:14539987-14540495,KAZN,384972,H3K27ac,LateralTemporalLobe,23254
chr1:14549607-14550480,KAZN,375169,H3K27ac,LateralTemporalLobe,23254
chr1:14554130-14556506,KAZN,369895,H3K27ac,LateralTemporalLobe,23254
chr1:14562308-14576559,KAZN,355779,H3K27ac,LateralTemporalLobe,23254
chr1:14577496-14583688,KAZN,344621,H3K27ac,LateralTemporalLobe,23254
chr1:14584523-14598756,KAZN,333573,H3K27ac,LateralTemporalLobe,23254
chr1:14605800-14609758,KAZN,317434,H3K27ac,LateralTemporalLobe,23254
chr1:14611299-14612387,KAZN,313370,H3K27ac,LateralTemporalLobe,23254
chr1:14617093-14620980,KAZN,306176,H3K27ac,LateralTemporalLobe,23254
chr1:14625373-14628313,KAZN,298370,H3K27ac,LateralTemporalLobe,23254
chr1:14629371-14633314,KAZN,293870,H3K27ac,LateralTemporalLobe,23254
chr1:14635520-14638517,KAZN,288194,H3K27ac,LateralTemporalLobe,23254
chr1:14646995-14648163,KAZN,277634,H3K27ac,LateralTemporalLobe,23254
chr1:14663649-14668524,KAZN,259126,H3K27ac,LateralTemporalLobe,23254
chr1:14669260-14673776,KAZN,253695,H3K27ac,LateralTemporalLobe,23254
chr1:14675546-14678265,KAZN,248307,H3K27ac,LateralTemporalLobe,23254
chr1:14686987-14703253,KAZN,230093,H3K27ac,LateralTemporalLobe,23254
chr1:14716932-14728131,KAZN,202681,H3K27ac,LateralTemporalLobe,23254
chr1:14736116-14738674,KAZN,187818,H3K27ac,LateralTemporalLobe,23254
chr1:14739738-14753696,KAZN,178496,H3K27ac,LateralTemporalLobe,23254
chr1:14756417-14758935,KAZN,167537,H3K27ac,LateralTemporalLobe,23254
chr1:14759968-14762241,KAZN,164108,H3K27ac,LateralTemporalLobe,23254
chr1:14762987-14770223,KAZN,158608,H3K27ac,LateralTemporalLobe,23254
chr1:14775064-14779515,KAZN,147923,H3K27ac,LateralTemporalLobe,23254
chr1:14785917-14790681,KAZN,136914,H3K27ac,LateralTemporalLobe,23254
chr1:14794338-14795095,KAZN,130496,H3K27ac,LateralTemporalLobe,23254
chr1:14805294-14808649,KAZN,118241,H3K27ac,LateralTemporalLobe,23254
chr1:14813232-14816575,KAZN,110309,H3K27ac,LateralTemporalLobe,23254
chr1:14817895-14820038,KAZN,106246,H3K27ac,LateralTemporalLobe,23254
chr1:14830307-14837406,KAZN,91356,H3K27ac,LateralTemporalLobe,23254
chr1:14838342-14839947,KAZN,86068,H3K27ac,LateralTemporalLobe,23254
chr1:14841722-14850874,KAZN,78915,H3K27ac,LateralTemporalLobe,23254
chr1:14852483-14852929,KAZN,72507,H3K27ac,LateralTemporalLobe,23254
chr1:14855866-14857538,KAZN,68511,H3K27ac,LateralTemporalLobe,23254
chr1:14875764-14881771,KAZN,46445,H3K27ac,LateralTemporalLobe,23254
chr1:14896997-14900110,KAZN,26659,H3K27ac,LateralTemporalLobe,23254
chr1:14901225-14901390,KAZN,23905,H3K27ac,LateralTemporalLobe,23254
chr1:14909895-14911005,KAZN,14763,H3K27ac,LateralTemporalLobe,23254
chr1:14911843-14912393,KAZN,13095,H3K27ac,LateralTemporalLobe,23254
chr1:14914505-14915575,KAZN,10173,H3K27ac,LateralTemporalLobe,23254
chr1:14918220-14921310,KAZN,5448,H3K27ac,LateralTemporalLobe,23254
chr1:14923575-14931577,KAZN,2363,H3K27ac,LateralTemporalLobe,23254
chr1:14932417-14934740,KAZN,8366,H3K27ac,LateralTemporalLobe,23254
chr1:14935701-14936592,KAZN,10934,H3K27ac,LateralTemporalLobe,23254
chr1:14937385-14944552,KAZN,15756,H3K27ac,LateralTemporalLobe,23254
chr1:14946809-14948600,KAZN,22492,H3K27ac,LateralTemporalLobe,23254
chr1:14949992-14967442,KAZN,33504,H3K27ac,LateralTemporalLobe,23254
chr1:14973015-14989981,KAZN,56285,H3K27ac,LateralTemporalLobe,23254
chr1:14991597-15000084,KAZN,70628,H3K27ac,LateralTemporalLobe,23254
chr1:15003931-15005987,KAZN,79746,H3K27ac,LateralTemporalLobe,23254
chr1:15006329-15006788,KAZN,81346,H3K27ac,LateralTemporalLobe,23254
chr1:15009573-15009956,KAZN,84552,H3K27ac,LateralTemporalLobe,23254
chr1:15012854-15017366,KAZN,89897,H3K27ac,LateralTemporalLobe,23254
chr1:15019064-15019333,KAZN,93986,H3K27ac,LateralTemporalLobe,23254
chr1:15022711-15026456,KAZN,99371,H3K27ac,LateralTemporalLobe,23254
chr1:15035484-15036094,KAZN,110576,H3K27ac,LateralTemporalLobe,23254
chr1:15040685-15044975,KAZN,117617,H3K27ac,LateralTemporalLobe,23254
chr1:15049211-15062553,KAZN,130669,H3K27ac,LateralTemporalLobe,23254
chr1:15063473-15073223,KAZN,143135,H3K27ac,LateralTemporalLobe,23254
chr1:15078162-15088802,KAZN,158269,H3K27ac,LateralTemporalLobe,23254
chr1:15094092-15094516,KAZN,156321,H3K27ac,LateralTemporalLobe,23254
chr1:15095559-15096173,KAZN,154759,H3K27ac,LateralTemporalLobe,23254
chr1:15102336-15102975,KAZN,147969,H3K27ac,LateralTemporalLobe,23254
chr1:15103933-15107509,KAZN,144904,H3K27ac,LateralTemporalLobe,23254
chr1:15109257-15110506,KAZN,140743,H3K27ac,LateralTemporalLobe,23254
chr1:15114171-15115181,KAZN,135949,H3K27ac,LateralTemporalLobe,23254
chr1:15116713-15121565,KAZN,131486,H3K27ac,LateralTemporalLobe,23254
chr1:15126554-15128121,KAZN,123287,H3K27ac,LateralTemporalLobe,23254
chr1:15129338-15131831,KAZN,120040,H3K27ac,LateralTemporalLobe,23254
chr1:15136220-15137694,KAZN,113668,H3K27ac,LateralTemporalLobe,23254
chr1:15140722-15142864,KAZN,108832,H3K27ac,LateralTemporalLobe,23254
chr1:15146732-15147530,KAZN,103494,H3K27ac,LateralTemporalLobe,23254
chr1:15148117-15154257,KAZN,99438,H3K27ac,LateralTemporalLobe,23254
chr1:15173762-15175726,KAZN,75881,H3K27ac,LateralTemporalLobe,23254
chr1:15177073-15179964,KAZN,72106,H3K27ac,LateralTemporalLobe,23254
chr1:15189012-15191457,KAZN,60390,H3K27ac,LateralTemporalLobe,23254
chr1:15192381-15194451,KAZN,57209,H3K27ac,LateralTemporalLobe,23254
chr1:15194692-15196609,KAZN,54974,H3K27ac,LateralTemporalLobe,23254
chr1:15213877-15214920,KAZN,36226,H3K27ac,LateralTemporalLobe,23254
chr1:15215544-15216904,KAZN,34401,H3K27ac,LateralTemporalLobe,23254
chr1:15218422-15222379,KAZN,30224,H3K27ac,LateralTemporalLobe,23254
chr1:15227660-15232006,KAZN,20792,H3K27ac,LateralTemporalLobe,23254
chr1:15235289-15280850,KAZN,1774,H3K27ac,LateralTemporalLobe,23254
chr1:15281732-15286518,KAZN,11710,H3K27ac,LateralTemporalLobe,23254
chr1:15286888-15289986,KAZN,16022,H3K27ac,LateralTemporalLobe,23254
chr1:15293271-15299602,KAZN,24022,H3K27ac,LateralTemporalLobe,23254
chr1:15301474-15310011,KAZN,33328,H3K27ac,LateralTemporalLobe,23254
chr1:15311946-15319255,KAZN,43186,H3K27ac,LateralTemporalLobe,23254
chr1:15320059-15336208,KAZN,55719,H3K27ac,LateralTemporalLobe,23254
chr1:15337689-15358978,KAZN,75919,H3K27ac,LateralTemporalLobe,23254
chr1:15360006-15364891,KAZN,90034,H3K27ac,LateralTemporalLobe,23254
chr1:15365733-15384430,KAZN,102667,H3K27ac,LateralTemporalLobe,23254
chr1:15385629-15388038,TMEM51-AS1,92126,H3K27ac,LateralTemporalLobe,200197
chr1:15389874-15397179,TMEM51-AS1,85433,H3K27ac,LateralTemporalLobe,200197
chr1:15398845-15409152,TMEM51-AS1,74961,H3K27ac,LateralTemporalLobe,200197
chr1:15409214-15411125,TMEM51-AS1,68790,H3K27ac,LateralTemporalLobe,200197
chr1:15413471-15418103,TMEM51-AS1,63173,H3K27ac,LateralTemporalLobe,200197
chr1:15419095-15419716,TMEM51-AS1,59554,H3K27ac,LateralTemporalLobe,200197
chr1:15419840-15423514,TMEM51-AS1,57283,H3K27ac,LateralTemporalLobe,200197
chr1:15434689-15435812,TMEM51-AS1,43709,H3K27ac,LateralTemporalLobe,200197
chr1:15437197-15439418,TMEM51-AS1,40652,H3K27ac,LateralTemporalLobe,200197
chr1:15442535-15445544,TMEM51-AS1,34920,H3K27ac,LateralTemporalLobe,200197
chr1:15466246-15467859,TMEM51-AS1,11907,H3K27ac,LateralTemporalLobe,200197
chr1:15471530-15475284,TMEM51-AS1,5553,H3K27ac,LateralTemporalLobe,200197
chr1:15477225-15485577,TMEM51,1172,H3K27ac,LateralTemporalLobe,55092
chr1:15503897-15509238,C1orf195,8448,H3K27ac,LateralTemporalLobe,727684
chr1:15510338-15511573,C1orf195,12836,H3K27ac,LateralTemporalLobe,727684
chr1:15512404-15519992,C1orf195,18078,H3K27ac,LateralTemporalLobe,727684
chr1:15538908-15542632,FHAD1,32998,H3K27ac,LateralTemporalLobe,114827
chr1:15549819-15552002,FHAD1,22857,H3K27ac,LateralTemporalLobe,114827
chr1:15583370-15588977,FHAD1,12406,H3K27ac,LateralTemporalLobe,114827
chr1:15597197-15602346,FHAD1,26004,H3K27ac,LateralTemporalLobe,114827
chr1:15639477-15640878,FHAD1,66410,H3K27ac,LateralTemporalLobe,114827
chr1:15649031-15652705,FHAD1,77100,H3K27ac,LateralTemporalLobe,114827
chr1:15653052-15657726,EFHD2,81002,H3K27ac,LateralTemporalLobe,79180
chr1:15660105-15661643,EFHD2,75517,H3K27ac,LateralTemporalLobe,79180
chr1:15664835-15674489,EFHD2,66729,H3K27ac,LateralTemporalLobe,79180
chr1:15675726-15676957,EFHD2,60049,H3K27ac,LateralTemporalLobe,79180
chr1:15680750-15681002,EFHD2,55515,H3K27ac,LateralTemporalLobe,79180
chr1:15697089-15698890,EFHD2,38401,H3K27ac,LateralTemporalLobe,79180
chr1:15703442-15705040,EFHD2,32150,H3K27ac,LateralTemporalLobe,79180
chr1:15706575-15714215,EFHD2,25996,H3K27ac,LateralTemporalLobe,79180
chr1:15714513-15718785,EFHD2,19742,H3K27ac,LateralTemporalLobe,79180
chr1:15726228-15728734,EFHD2,8910,H3K27ac,LateralTemporalLobe,79180
chr1:15730636-15744457,EFHD2,1156,H3K27ac,LateralTemporalLobe,79180
chr1:15745151-15761442,CTRC,11641,H3K27ac,LateralTemporalLobe,11330
chr1:15780417-15780805,CELA2A,2612,H3K27ac,LateralTemporalLobe,63036
chr1:15795408-15796866,CELA2B,6459,H3K27ac,LateralTemporalLobe,51032
chr1:15814755-15816460,CELA2B,13012,H3K27ac,LateralTemporalLobe,51032
chr1:15817527-15820886,CELA2B,16611,H3K27ac,LateralTemporalLobe,51032
chr1:15826413-15832631,CASP9,21418,H3K27ac,LateralTemporalLobe,842
chr1:15833476-15854987,CASP9,6708,H3K27ac,LateralTemporalLobe,842
chr1:15861950-15862442,DNAJC16,8888,H3K27ac,LateralTemporalLobe,23341
chr1:15871958-15874658,DNAJC16,20000,H3K27ac,LateralTemporalLobe,23341
chr1:15892627-15896388,AGMAT,17097,H3K27ac,LateralTemporalLobe,79814
chr1:15897913-15908222,AGMAT,8537,H3K27ac,LateralTemporalLobe,79814
chr1:15914339-15915011,AGMAT,3070,H3K27ac,LateralTemporalLobe,79814
chr1:15920091-15932041,AGMAT,14461,H3K27ac,LateralTemporalLobe,79814
chr1:15947536-15957944,DDI2,8787,H3K27ac,LateralTemporalLobe,84301
chr1:15959538-15963265,DDI2,17449,H3K27ac,LateralTemporalLobe,84301
chr1:15991452-15994433,RSC1A1,6735,H3K27ac,LateralTemporalLobe,6248
chr1:16006631-16025609,PLEKHM2,5293,H3K27ac,LateralTemporalLobe,23207
chr1:16026361-16027933,PLEKHM2,16320,H3K27ac,LateralTemporalLobe,23207
chr1:16028276-16078930,SLC25A34,9206,H3K27ac,LateralTemporalLobe,284723
chr1:16079863-16080683,FBLIM1,4982,H3K27ac,LateralTemporalLobe,54751
chr1:16090431-16095861,FBLIM1,1687,H3K27ac,LateralTemporalLobe,54751
chr1:16125513-16131341,UQCRHL,5767,H3K27ac,LateralTemporalLobe,440567
chr1:16134185-16140083,UQCRHL,2940,H3K27ac,LateralTemporalLobe,440567
chr1:16140961-16145416,UQCRHL,8995,H3K27ac,LateralTemporalLobe,440567
chr1:16182779-16185412,FLJ37453,9454,H3K27ac,LateralTemporalLobe,729614
chr1:16187070-16192216,MIR5096,8001,H3K27ac,LateralTemporalLobe,100616427
chr1:16193853-16194548,MIR5096,3443,H3K27ac,LateralTemporalLobe,100616427
chr1:16202503-16204533,MIR5096,5874,H3K27ac,LateralTemporalLobe,100616427
chr1:16208539-16216917,MIR5096,15084,H3K27ac,LateralTemporalLobe,100616427
chr1:16217564-16221381,MIR5096,21829,H3K27ac,LateralTemporalLobe,100616427
chr1:16222758-16224565,MIR5096,26018,H3K27ac,LateralTemporalLobe,100616427
chr1:16227184-16229110,MIR5096,30503,H3K27ac,LateralTemporalLobe,100616427
chr1:16241937-16244846,MIR5096,45748,H3K27ac,LateralTemporalLobe,100616427
chr1:16249145-16249409,MIR5096,51633,H3K27ac,LateralTemporalLobe,100616427
chr1:16250523-16251929,ZBTB17,51401,H3K27ac,LateralTemporalLobe,7709
chr1:16254704-16256925,ZBTB17,46812,H3K27ac,LateralTemporalLobe,7709
chr1:16257306-16297628,ZBTB17,25160,H3K27ac,LateralTemporalLobe,7709
chr1:16298393-16303449,ZBTB17,1706,H3K27ac,LateralTemporalLobe,7709
