,TF,targetGene,Region,chrom,start,end
1,BARHL2,SHC1,Enhancer,chr1,154869072,154870071
2,BARHL2,SHC1,Enhancer,chr1,154868096,154869095
3,MNT,SHC1,Enhancer,chr1,154716711,154717710
4,MNT,SHC1,Enhancer,chr1,154701180,154702179
5,MNT,SHC1,Enhancer,chr1,154819188,154820187
6,MNT,SHC1,Enhancer,chr1,154402052,154403051
7,NR2F2,SHC1,Enhancer,chr1,154722868,154723867
8,NR2F2,SHC1,Enhancer,chr1,154435266,154436265
9,NR2F2,SHC1,Enhancer,chr1,154980693,154981692
10,NR2F2,SHC1,Enhancer,chr1,154960256,154961255
11,NR2F2,SHC1,Enhancer,chr1,154392264,154393263
12,NR2F2,SHC1,Enhancer,chr1,154446938,154447937
13,NR2F2,SHC1,Enhancer,chr1,154404841,154405840
14,NR2F2,SHC1,Enhancer,chr1,154916242,154917241
15,NR2F2,SHC1,Enhancer,chr1,154924431,154925430
16,NR2F2,SHC1,Enhancer,chr1,154700378,154701377
17,NR2F2,SHC1,Enhancer,chr1,154698311,154699310
18,NR2F2,SHC1,Enhancer,chr1,154958954,154959953
19,NR2F2,SHC1,Enhancer,chr1,154980143,154981142
20,NR2F2,SHC1,Enhancer,chr1,154868096,154869095
21,NR2F2,SHC1,Enhancer,chr1,154979273,154980272
22,NR2F2,SHC1,Enhancer,chr1,154442332,154443331
23,NR2F2,SHC1,Enhancer,chr1,154306409,154307408
24,NR2F2,SHC1,Enhancer,chr1,154837640,154838639
25,NR2F2,SHC1,Enhancer,chr1,154912260,154913259
26,NR2F2,SHC1,Enhancer,chr1,154325083,154326082
27,NR2F2,SHC1,Enhancer,chr1,154402909,154403908
28,NR2F2,SHC1,Enhancer,chr1,154970901,154971900
29,NR2F2,SHC1,Enhancer,chr1,154440849,154441848
30,NR2F2,SHC1,Enhancer,chr1,154550236,154551235
31,NR2F2,SHC1,Enhancer,chr1,154989468,154990467
32,NR2F2,SHC1,Enhancer,chr1,154959117,154960116
69,PLAGL1,SHC1,Enhancer,chr1,154548318,154549317
70,PLAGL1,SHC1,Enhancer,chr1,154988335,154989334
71,PLAGL1,SHC1,Enhancer,chr1,154979273,154980272
72,PLAGL1,SHC1,Enhancer,chr1,154818080,154819079
73,PLAGL1,SHC1,Enhancer,chr1,154983523,154984522
74,PLAGL1,SHC1,Enhancer,chr1,154406734,154407733
75,PLAGL1,SHC1,Enhancer,chr1,154918333,154919332
195,HMX3,CDCA2,Enhancer,chr8,25045544,25046543
196,HOXB9,CDCA2,Enhancer,chr8,25116581,25117580
197,HOXB9,CDCA2,Enhancer,chr8,25100888,25101887
198,HOXB9,CDCA2,Enhancer,chr8,25114943,25115942
199,HOXB9,CDCA2,Enhancer,chr8,25070309,25071308
200,HOXB9,CDCA2,Enhancer,chr8,25112284,25113283
201,HOXB9,CDCA2,Enhancer,chr8,25109591,25110590
202,HOXB9,CDCA2,Enhancer,chr8,25043922,25044921
203,HOXD11,CDCA2,Enhancer,chr8,25043922,25044921
204,NEUROD4,CDCA2,Enhancer,chr8,25109591,25110590
205,NEUROG1,CDCA2,Enhancer,chr8,25109591,25110590
206,NKX2-3,CDCA2,Enhancer,chr8,25110042,25111041
207,NKX2-3,CDCA2,Enhancer,chr8,25072069,25073068
208,NKX2-3,CDCA2,Enhancer,chr8,25250114,25251113
209,GCM1,CDCA2,Enhancer,chr8,25248871,25249870
221,ESX1,BAZ1B,Enhancer,chr7,73707412,73708411
222,ESX1,BAZ1B,Enhancer,chr7,73698123,73699122
223,FOXD3,BAZ1B,Enhancer,chr7,74078062,74079061
224,FOXD3,BAZ1B,Enhancer,chr7,73594268,73595267
225,FOXD3,BAZ1B,Enhancer,chr7,73693621,73694620
226,FOXD3,BAZ1B,Enhancer,chr7,73694154,73695153
227,FOXD3,BAZ1B,Enhancer,chr7,73895831,73896830
228,HOXA2,BAZ1B,Enhancer,chr7,73696786,73697785
229,HOXD12,BAZ1B,Enhancer,chr7,73786027,73787026
230,IRX4,BAZ1B,Enhancer,chr7,73809327,73810326
231,IRX4,BAZ1B,Enhancer,chr7,73117174,73118173
232,OTP,BAZ1B,Enhancer,chr7,73121240,73122239
233,OTP,BAZ1B,Enhancer,chr7,73721806,73722805
234,OTP,BAZ1B,Enhancer,chr7,73893980,73894979
235,OTP,BAZ1B,Enhancer,chr7,73696786,73697785
236,OTP,BAZ1B,Enhancer,chr7,73692848,73693847
237,OTP,BAZ1B,Enhancer,chr7,73686507,73687506
238,OTP,BAZ1B,Enhancer,chr7,73897038,73898037
239,OTP,BAZ1B,Enhancer,chr7,73808899,73809898
240,OTP,BAZ1B,Enhancer,chr7,74074201,74075200
241,OTP,BAZ1B,Enhancer,chr7,73685598,73686597
242,OTP,BAZ1B,Enhancer,chr7,73843761,73844760
243,OTP,BAZ1B,Enhancer,chr7,74078062,74079061
244,OTP,BAZ1B,Enhancer,chr7,73890681,73891680
245,OTP,BAZ1B,Enhancer,chr7,73787563,73788562
246,OTP,BAZ1B,Enhancer,chr7,73866333,73867332
247,OTP,BAZ1B,Enhancer,chr7,73928248,73929247
248,OTP,BAZ1B,Enhancer,chr7,73904504,73905503
249,OTP,BAZ1B,Enhancer,chr7,73607931,73608930
250,OTP,BAZ1B,Enhancer,chr7,73892428,73893427
251,OTP,BAZ1B,Enhancer,chr7,73869977,73870976
252,OTP,BAZ1B,Enhancer,chr7,73784420,73785419
253,POU4F2,BAZ1B,Enhancer,chr7,73445311,73446310
254,POU4F2,BAZ1B,Enhancer,chr7,73897038,73898037
255,SMARCC1,BAZ1B,Enhancer,chr7,73720718,73721717
256,SMARCC1,BAZ1B,Enhancer,chr7,73120512,73121511
257,SMARCC1,BAZ1B,Enhancer,chr7,73866333,73867332
258,SMARCC1,BAZ1B,Enhancer,chr7,73129644,73130643
259,SMARCC1,BAZ1B,Enhancer,chr7,73890681,73891680
260,SMARCC1,BAZ1B,Enhancer,chr7,73925339,73926338
261,SMARCC1,BAZ1B,Enhancer,chr7,73445311,73446310
262,ZNF263,BAZ1B,Enhancer,chr7,73892428,73893427
263,ZNF263,BAZ1B,Enhancer,chr7,73130973,73131972
264,ZNF263,BAZ1B,Enhancer,chr7,73909190,73910189
265,ZNF263,BAZ1B,Enhancer,chr7,73117174,73118173
266,ZNF263,BAZ1B,Enhancer,chr7,73453366,73454365
267,ZNF263,BAZ1B,Enhancer,chr7,73693621,73694620
268,ZNF263,BAZ1B,Enhancer,chr7,73130560,73131559
269,ZNF263,BAZ1B,Enhancer,chr7,73891220,73892219
270,ZNF263,BAZ1B,Enhancer,chr7,73300136,73301135
271,ZNF263,BAZ1B,Enhancer,chr7,73119521,73120520
272,ZNF263,BAZ1B,Enhancer,chr7,73121240,73122239
273,ZNF263,BAZ1B,Enhancer,chr7,73720718,73721717
274,ZNF263,BAZ1B,Enhancer,chr7,73809327,73810326
275,ZNF263,BAZ1B,Enhancer,chr7,73896229,73897228
276,ZNF263,BAZ1B,Enhancer,chr7,73893980,73894979
277,ZNF263,BAZ1B,Enhancer,chr7,73784685,73785684
278,ZNF263,BAZ1B,Enhancer,chr7,73456447,73457446
279,ZNF263,BAZ1B,Enhancer,chr7,73904504,73905503
280,ZNF263,BAZ1B,Enhancer,chr7,73113701,73114700
281,ZNF263,BAZ1B,Enhancer,chr7,73294202,73295201
282,ZNF263,BAZ1B,Enhancer,chr7,73454117,73455116
283,ZNF263,BAZ1B,Enhancer,chr7,73845110,73846109
284,ZNF263,BAZ1B,Enhancer,chr7,73609538,73610537
285,ZNF263,BAZ1B,Enhancer,chr7,73129644,73130643
286,ZNF263,BAZ1B,Enhancer,chr7,73928248,73929247
287,ZNF263,BAZ1B,Enhancer,chr7,73446755,73447754
288,ZNF263,BAZ1B,Enhancer,chr7,73786027,73787026
289,ZNF263,BAZ1B,Enhancer,chr7,73694154,73695153
290,ZNF263,BAZ1B,Enhancer,chr7,73787563,73788562
291,ZNF263,BAZ1B,Enhancer,chr7,73707412,73708411
292,ZNF263,BAZ1B,Enhancer,chr7,73610001,73611000
293,ZNF263,BAZ1B,Enhancer,chr7,73293412,73294411
294,ZNF263,BAZ1B,Enhancer,chr7,73608938,73609937
295,ZNF263,BAZ1B,Enhancer,chr7,74074201,74075200
296,ZNF263,BAZ1B,Enhancer,chr7,73738758,73739757
298,ZNF263,BAZ1B,Enhancer,chr7,73447661,73448660
299,ZNF263,BAZ1B,Enhancer,chr7,73445311,73446310
300,ZNF263,BAZ1B,Enhancer,chr7,73895831,73896830
301,ZNF263,BAZ1B,Enhancer,chr7,73844431,73845430
302,ZNF263,BAZ1B,Enhancer,chr7,73120512,73121511
303,CDX4,BAZ1B,Enhancer,chr7,73594918,73595917
304,CDX4,BAZ1B,Enhancer,chr7,74078062,74079061
305,CTCF,BAZ1B,Enhancer,chr7,73610001,73611000
307,CTCF,BAZ1B,Enhancer,chr7,73794347,73795346
308,CTCF,BAZ1B,Enhancer,chr7,73807719,73808718
309,CTCF,BAZ1B,Enhancer,chr7,73607931,73608930
310,CTCF,BAZ1B,Enhancer,chr7,73880900,73881899
311,CTCF,BAZ1B,Enhancer,chr7,73896229,73897228
312,CTCF,BAZ1B,Enhancer,chr7,73866333,73867332
313,CTCF,BAZ1B,Enhancer,chr7,73114485,73115484
314,CTCF,BAZ1B,Enhancer,chr7,73692848,73693847
315,CTCF,BAZ1B,Enhancer,chr7,73845110,73846109
316,CTCF,BAZ1B,Enhancer,chr7,73113701,73114700
317,CTCF,BAZ1B,Enhancer,chr7,73447661,73448660
318,CTCF,BAZ1B,Enhancer,chr7,73293412,73294411
319,CTCF,BAZ1B,Enhancer,chr7,73670474,73671473
320,CTCF,BAZ1B,Enhancer,chr7,73117174,73118173
321,CTCF,BAZ1B,Enhancer,chr7,73697865,73698864
322,CTCF,BAZ1B,Enhancer,chr7,73129644,73130643
323,CTCF,BAZ1B,Enhancer,chr7,73843761,73844760
324,CTCF,BAZ1B,Enhancer,chr7,73894350,73895349
325,CTCF,BAZ1B,Enhancer,chr7,73120512,73121511
326,CTCF,BAZ1B,Enhancer,chr7,73119521,73120520
327,CTCF,BAZ1B,Enhancer,chr7,73294202,73295201
328,CTCF,BAZ1B,Enhancer,chr7,73897354,73898353
329,CTCF,BAZ1B,Enhancer,chr7,73300136,73301135
330,CTCF,BAZ1B,Enhancer,chr7,73808561,73809560
331,CTCF,BAZ1B,Enhancer,chr7,73738758,73739757
332,CTCF,BAZ1B,Enhancer,chr7,73895831,73896830
333,CTCF,BAZ1B,Enhancer,chr7,73446755,73447754
336,FOXA3,BAZ1B,Enhancer,chr7,73904504,73905503
337,FOXA3,BAZ1B,Enhancer,chr7,73607931,73608930
338,FOXA3,BAZ1B,Enhancer,chr7,74078062,74079061
339,FOXA3,BAZ1B,Enhancer,chr7,73670474,73671473
340,FOXA3,BAZ1B,Enhancer,chr7,73895831,73896830
341,FOXA3,BAZ1B,Enhancer,chr7,73925339,73926338
342,HAND1,BAZ1B,Enhancer,chr7,73928248,73929247
343,HAND1,BAZ1B,Enhancer,chr7,73879058,73880057
375,SPZ1,BAZ1B,Enhancer,chr7,73784420,73785419
376,SPZ1,BAZ1B,Enhancer,chr7,73446755,73447754
377,SPZ1,BAZ1B,Enhancer,chr7,73738758,73739757
378,SPZ1,BAZ1B,Enhancer,chr7,73609538,73610537
379,SPZ1,BAZ1B,Enhancer,chr7,73608938,73609937
380,SPZ1,BAZ1B,Enhancer,chr7,73696786,73697785
381,SPZ1,BAZ1B,Enhancer,chr7,73454117,73455116
382,SPZ1,BAZ1B,Enhancer,chr7,73445311,73446310
383,SPZ1,BAZ1B,Enhancer,chr7,73119521,73120520
384,SPZ1,BAZ1B,Enhancer,chr7,73928248,73929247
385,SPZ1,BAZ1B,Enhancer,chr7,73117174,73118173
386,SPZ1,BAZ1B,Enhancer,chr7,73909190,73910189
387,SPZ1,BAZ1B,Enhancer,chr7,73786027,73787026
430,AR,GALNT15,Enhancer,chr3,16294190,16295189
431,AR,GALNT15,Enhancer,chr3,15977452,15978451
432,AR,GALNT15,Enhancer,chr3,16100255,16101254
433,AR,GALNT15,Enhancer,chr3,16190032,16191031
434,AR,GALNT15,Enhancer,chr3,15673763,15674762
435,AR,GALNT15,Enhancer,chr3,16096761,16097760
436,AR,GALNT15,Enhancer,chr3,16174104,16175103
437,AR,GALNT15,Enhancer,chr3,16220891,16221890
438,AR,GALNT15,Enhancer,chr3,15676445,15677444
439,AR,GALNT15,Enhancer,chr3,15727106,15728105
440,AR,GALNT15,Enhancer,chr3,16097434,16098433
441,AR,GALNT15,Enhancer,chr3,16102110,16103109
442,AR,GALNT15,Enhancer,chr3,15974811,15975810
443,AR,GALNT15,Enhancer,chr3,16101517,16102516
444,AR,GALNT15,Enhancer,chr3,16219604,16220603
445,AR,GALNT15,Enhancer,chr3,16095613,16096612
446,AR,GALNT15,Enhancer,chr3,16222605,16223604
447,AR,GALNT15,Enhancer,chr3,15687209,15688208
448,AR,GALNT15,Enhancer,chr3,15689818,15690817
449,AR,GALNT15,Enhancer,chr3,16189508,16190507
450,AR,GALNT15,Enhancer,chr3,16294782,16295781
451,AR,GALNT15,Enhancer,chr3,16103766,16104765
452,AR,GALNT15,Enhancer,chr3,15695958,15696957
453,AR,GALNT15,Enhancer,chr3,16224873,16225872
454,AR,GALNT15,Enhancer,chr3,15688168,15689167
455,AR,GALNT15,Enhancer,chr3,16104838,16105837
456,CBFB,GALNT15,Enhancer,chr3,16099723,16100722
457,CBFB,GALNT15,Enhancer,chr3,15688793,15689792
458,CBFB,GALNT15,Enhancer,chr3,15676445,15677444
459,CBFB,GALNT15,Enhancer,chr3,16294190,16295189
460,CDX2,GALNT15,Enhancer,chr3,16126111,16127110
461,CDX2,GALNT15,Enhancer,chr3,16127096,16128095
462,CDX2,GALNT15,Enhancer,chr3,15727106,15728105
463,CDX2,GALNT15,Enhancer,chr3,16099723,16100722
465,CTCFL,GALNT15,Enhancer,chr3,15688793,15689792
466,CTCFL,GALNT15,Enhancer,chr3,16219604,16220603
467,DMRT2,GALNT15,Enhancer,chr3,16294782,16295781
468,DMRTA2,GALNT15,Enhancer,chr3,16294190,16295189
469,DMRTA2,GALNT15,Enhancer,chr3,16294782,16295781
470,DUXA,GALNT15,Enhancer,chr3,15689818,15690817
471,ELF1,GALNT15,Enhancer,chr3,15977452,15978451
472,ELF1,GALNT15,Enhancer,chr3,15727106,15728105
473,ELF1,GALNT15,Enhancer,chr3,16222605,16223604
474,ELF5,GALNT15,Enhancer,chr3,16099723,16100722
475,ELF5,GALNT15,Enhancer,chr3,16096761,16097760
476,HAND2,GALNT15,Enhancer,chr3,15973625,15974624
477,HAND2,GALNT15,Enhancer,chr3,15687209,15688208
478,HAND2,GALNT15,Enhancer,chr3,16104472,16105471
479,HOXD1,GALNT15,Enhancer,chr3,16177883,16178882
480,HOXD1,GALNT15,Enhancer,chr3,16097434,16098433
481,HOXD1,GALNT15,Enhancer,chr3,15675364,15676363
482,HOXD1,GALNT15,Enhancer,chr3,16294782,16295781
483,HOXD1,GALNT15,Enhancer,chr3,15727106,15728105
484,HOXD1,GALNT15,Enhancer,chr3,15676445,15677444
485,HOXD1,GALNT15,Enhancer,chr3,16099723,16100722
486,HOXD1,GALNT15,Enhancer,chr3,16127096,16128095
487,HOXD1,GALNT15,Enhancer,chr3,15673763,15674762
488,HOXD1,GALNT15,Enhancer,chr3,15735783,15736782
489,HOXD10,GALNT15,Enhancer,chr3,15675364,15676363
492,MNX1,GALNT15,Enhancer,chr3,16174104,16175103
493,NKX2-8,GALNT15,Enhancer,chr3,15974811,15975810
494,NOBOX,GALNT15,Enhancer,chr3,16096761,16097760
495,NOBOX,GALNT15,Enhancer,chr3,15735783,15736782
496,NR5A2,GALNT15,Enhancer,chr3,15688793,15689792
497,NR5A2,GALNT15,Enhancer,chr3,15674949,15675948
498,NR5A2,GALNT15,Enhancer,chr3,16222605,16223604
499,NR5A2,GALNT15,Enhancer,chr3,15976015,15977014
500,SPZ1,GALNT15,Enhancer,chr3,15976015,15977014
501,SPZ1,GALNT15,Enhancer,chr3,16188951,16189950
502,SPZ1,GALNT15,Enhancer,chr3,16093240,16094239
503,SPZ1,GALNT15,Enhancer,chr3,15688793,15689792
504,SPZ1,GALNT15,Enhancer,chr3,16219604,16220603
505,SPZ1,GALNT15,Enhancer,chr3,16104838,16105837
506,STAT3,GALNT15,Enhancer,chr3,15735783,15736782
507,STAT3,GALNT15,Enhancer,chr3,16097434,16098433
509,STAT3,GALNT15,Enhancer,chr3,15673763,15674762
510,STAT3,GALNT15,Enhancer,chr3,16100255,16101254
511,STAT3,GALNT15,Enhancer,chr3,15689818,15690817
512,STAT3,GALNT15,Enhancer,chr3,16177883,16178882
513,STAT3,GALNT15,Enhancer,chr3,16092188,16093187
514,STAT3,GALNT15,Enhancer,chr3,16106076,16107075
515,TBPL2,GALNT15,Enhancer,chr3,15675364,15676363
516,TBPL2,GALNT15,Enhancer,chr3,16188951,16189950
517,TBPL2,GALNT15,Enhancer,chr3,15727106,15728105
518,TBPL2,GALNT15,Enhancer,chr3,16103766,16104765
519,TCF23,GALNT15,Enhancer,chr3,16177883,16178882
520,TGIF2LY,GALNT15,Enhancer,chr3,16106076,16107075
547,CDX4,GALNT15,Enhancer,chr3,16127096,16128095
548,CDX4,GALNT15,Enhancer,chr3,16126111,16127110
549,CDX4,GALNT15,Enhancer,chr3,15727106,15728105
550,CDX4,GALNT15,Enhancer,chr3,16099723,16100722
554,DMRT1,GALNT15,Enhancer,chr3,16126111,16127110
555,DMRT1,GALNT15,Enhancer,chr3,16294190,16295189
563,EVX2,GALNT15,Enhancer,chr3,16224873,16225872
564,FOXA2,GALNT15,Enhancer,chr3,16127096,16128095
565,FOXA2,GALNT15,Enhancer,chr3,15727106,15728105
566,FOXA2,GALNT15,Enhancer,chr3,15673763,15674762
567,FOXA2,GALNT15,Enhancer,chr3,15675364,15676363
568,FOXB1,GALNT15,Enhancer,chr3,15674949,15675948
569,FOXB1,GALNT15,Enhancer,chr3,15976015,15977014
570,FOXB1,GALNT15,Enhancer,chr3,15973625,15974624
571,FOXB2,GALNT15,Enhancer,chr3,16296156,16297155
572,FOXB2,GALNT15,Enhancer,chr3,15688793,15689792
573,FOXB2,GALNT15,Enhancer,chr3,15674384,15675383
574,FOXB2,GALNT15,Enhancer,chr3,16101517,16102516
575,FOXB2,GALNT15,Enhancer,chr3,16174104,16175103
576,FOXB2,GALNT15,Enhancer,chr3,15977452,15978451
577,FOXB2,GALNT15,Enhancer,chr3,15695958,15696957
578,FOXB2,GALNT15,Enhancer,chr3,16096761,16097760
579,FOXB2,GALNT15,Enhancer,chr3,16100255,16101254
580,FOXB2,GALNT15,Enhancer,chr3,15678735,15679734
581,FOXB2,GALNT15,Enhancer,chr3,16092188,16093187
582,FOXB2,GALNT15,Enhancer,chr3,15976015,15977014
583,FOXB2,GALNT15,Enhancer,chr3,15973625,15974624
584,FOXB2,GALNT15,Enhancer,chr3,15794301,15795300
585,FOXB2,GALNT15,Enhancer,chr3,16127905,16128904
586,FOXB2,GALNT15,Enhancer,chr3,16177883,16178882
587,FOXB2,GALNT15,Enhancer,chr3,15727106,15728105
588,FOXB2,GALNT15,Enhancer,chr3,16095613,16096612
589,FOXB2,GALNT15,Enhancer,chr3,15735783,15736782
590,FOXB2,GALNT15,Enhancer,chr3,16224873,16225872
591,FOXB2,GALNT15,Enhancer,chr3,16127096,16128095
592,FOXB2,GALNT15,Enhancer,chr3,15674949,15675948
593,FOXB2,GALNT15,Enhancer,chr3,16102673,16103672
594,FOXB2,GALNT15,Enhancer,chr3,16190032,16191031
595,FOXE1,GALNT15,Enhancer,chr3,16177883,16178882
596,FOXE1,GALNT15,Enhancer,chr3,15695958,15696957
597,FOXE1,GALNT15,Enhancer,chr3,16096761,16097760
598,FOXE1,GALNT15,Enhancer,chr3,16296156,16297155
599,FOXE1,GALNT15,Enhancer,chr3,15727106,15728105
600,FOXE1,GALNT15,Enhancer,chr3,15688793,15689792
601,FOXE1,GALNT15,Enhancer,chr3,15674949,15675948
602,FOXE1,GALNT15,Enhancer,chr3,16101517,16102516
603,FOXE1,GALNT15,Enhancer,chr3,15794301,15795300
604,FOXE1,GALNT15,Enhancer,chr3,16127905,16128904
605,FOXE1,GALNT15,Enhancer,chr3,16127096,16128095
606,FOXE1,GALNT15,Enhancer,chr3,15678735,15679734
607,FOXE1,GALNT15,Enhancer,chr3,16174104,16175103
608,FOXE1,GALNT15,Enhancer,chr3,15976015,15977014
609,FOXE1,GALNT15,Enhancer,chr3,16092188,16093187
610,FOXE1,GALNT15,Enhancer,chr3,15973625,15974624
611,FOXE1,GALNT15,Enhancer,chr3,15977452,15978451
612,FOXE1,GALNT15,Enhancer,chr3,16224873,16225872
613,FOXE1,GALNT15,Enhancer,chr3,15735783,15736782
614,FOXE1,GALNT15,Enhancer,chr3,16102673,16103672
615,FOXE1,GALNT15,Enhancer,chr3,16100255,16101254
616,FOXE1,GALNT15,Enhancer,chr3,16095613,16096612
617,FOXE1,GALNT15,Enhancer,chr3,15674384,15675383
618,FOXE1,GALNT15,Enhancer,chr3,16190032,16191031
619,GATA3,GALNT15,Enhancer,chr3,15695958,15696957
620,GATA3,GALNT15,Enhancer,chr3,15974811,15975810
621,GATA3,GALNT15,Enhancer,chr3,16296156,16297155
622,GBX2,GALNT15,Enhancer,chr3,16096761,16097760
623,GBX2,GALNT15,Enhancer,chr3,16095613,16096612
627,HOXB13,GALNT15,Enhancer,chr3,16177883,16178882
628,HOXB13,GALNT15,Enhancer,chr3,15675364,15676363
629,HOXB13,GALNT15,Enhancer,chr3,16127096,16128095
630,HOXB13,GALNT15,Enhancer,chr3,15673763,15674762
631,HOXB13,GALNT15,Enhancer,chr3,16127905,16128904
632,HOXB8,GALNT15,Enhancer,chr3,16190032,16191031
633,HOXB8,GALNT15,Enhancer,chr3,16095613,16096612
634,HOXB9,GALNT15,Enhancer,chr3,16099723,16100722
635,HOXB9,GALNT15,Enhancer,chr3,16097434,16098433
636,HOXB9,GALNT15,Enhancer,chr3,16095613,16096612
637,HOXB9,GALNT15,Enhancer,chr3,16126111,16127110
638,HOXB9,GALNT15,Enhancer,chr3,15675364,15676363
639,HOXB9,GALNT15,Enhancer,chr3,16294782,16295781
640,HOXB9,GALNT15,Enhancer,chr3,16190032,16191031
641,HOXB9,GALNT15,Enhancer,chr3,15673763,15674762
652,IRX1,GALNT15,Enhancer,chr3,16219604,16220603
653,IRX1,GALNT15,Enhancer,chr3,16092723,16093722
654,IRX1,GALNT15,Enhancer,chr3,16097434,16098433
656,MYOG,GALNT15,Enhancer,chr3,16296156,16297155
657,MYOG,GALNT15,Enhancer,chr3,16100255,16101254
658,MYOG,GALNT15,Enhancer,chr3,16092188,16093187
659,MYOG,GALNT15,Enhancer,chr3,16103766,16104765
660,MYOG,GALNT15,Enhancer,chr3,15673763,15674762
661,MYOG,GALNT15,Enhancer,chr3,16222605,16223604
663,NEUROG2,GALNT15,Enhancer,chr3,15696384,15697383
666,NR1H4,GALNT15,Enhancer,chr3,16126111,16127110
671,POU5F1B,GALNT15,Enhancer,chr3,16188951,16189950
672,SP1,GALNT15,Enhancer,chr3,16220891,16221890
673,SP1,GALNT15,Enhancer,chr3,16126111,16127110
674,SP1,GALNT15,Enhancer,chr3,15794301,15795300
676,SP1,GALNT15,Enhancer,chr3,16177883,16178882
677,SP1,GALNT15,Enhancer,chr3,16224873,16225872
678,SP1,GALNT15,Enhancer,chr3,16222605,16223604
679,SP1,GALNT15,Enhancer,chr3,16127905,16128904
680,SP1,GALNT15,Enhancer,chr3,15687209,15688208
681,SP1,GALNT15,Enhancer,chr3,15688793,15689792
682,SP1,GALNT15,Enhancer,chr3,16104472,16105471
683,SP1,GALNT15,Enhancer,chr3,16219604,16220603
684,SP1,GALNT15,Enhancer,chr3,16092188,16093187
685,SP1,GALNT15,Enhancer,chr3,15673763,15674762
686,SPDEF,GALNT15,Enhancer,chr3,15974811,15975810
687,SPDEF,GALNT15,Enhancer,chr3,15673763,15674762
688,SPDEF,GALNT15,Enhancer,chr3,16096761,16097760
689,SPIB,GALNT15,Enhancer,chr3,16106076,16107075
690,SPIB,GALNT15,Enhancer,chr3,16222605,16223604
691,SPIB,GALNT15,Enhancer,chr3,15727106,15728105
701,STAT5B,GALNT15,Enhancer,chr3,16100255,16101254
702,STAT5B,GALNT15,Enhancer,chr3,16296156,16297155
703,TBX20,GALNT15,Enhancer,chr3,15976015,15977014
704,TBX20,GALNT15,Enhancer,chr3,16220891,16221890
705,TBX20,GALNT15,Enhancer,chr3,16096761,16097760
706,TCF21,GALNT15,Enhancer,chr3,16177883,16178882
708,TFCP2,GALNT15,Enhancer,chr3,16219604,16220603
709,TFCP2,GALNT15,Enhancer,chr3,16095613,16096612
711,TFCP2,GALNT15,Enhancer,chr3,16224873,16225872
712,TFCP2,GALNT15,Enhancer,chr3,16102110,16103109
713,TLX3,GALNT15,Enhancer,chr3,15688793,15689792
714,TLX3,GALNT15,Enhancer,chr3,16096761,16097760
715,TLX3,GALNT15,Enhancer,chr3,16092723,16093722
716,TLX3,GALNT15,Enhancer,chr3,15977452,15978451
717,VENTX,GALNT15,Enhancer,chr3,15695958,15696957
718,CREM,TMEM106C,Enhancer,chr12,48122691,48123690
719,FOXD2,TMEM106C,Enhancer,chr12,48195084,48196083
720,FOXD2,TMEM106C,Enhancer,chr12,48164473,48165472
721,FOXD3,TMEM106C,Enhancer,chr12,48195084,48196083
722,FOXD3,TMEM106C,Enhancer,chr12,48203651,48204650
723,FOXD3,TMEM106C,Enhancer,chr12,48111089,48112088
724,FOXD3,TMEM106C,Enhancer,chr12,48135288,48136287
725,FOXD3,TMEM106C,Enhancer,chr12,48123823,48124822
726,FOXD3,TMEM106C,Enhancer,chr12,48145066,48146065
727,HES2,TMEM106C,Enhancer,chr12,48139082,48140081
728,HNF4A,TMEM106C,Enhancer,chr12,48139082,48140081
729,HNF4A,TMEM106C,Enhancer,chr12,48134702,48135701
730,HNF4A,TMEM106C,Enhancer,chr12,48209509,48210508
731,HNF4A,TMEM106C,Enhancer,chr12,48208686,48209685
732,HNF4A,TMEM106C,Enhancer,chr12,48129756,48130755
733,HNF4A,TMEM106C,Enhancer,chr12,48136160,48137159
734,HNF4A,TMEM106C,Enhancer,chr12,48156960,48157959
735,HOXA5,TMEM106C,Enhancer,chr12,48807485,48808484
736,HOXC13,TMEM106C,Enhancer,chr12,48209509,48210508
737,HOXC6,TMEM106C,Enhancer,chr12,48123823,48124822
738,NEUROG3,TMEM106C,Enhancer,chr12,48145066,48146065
739,NEUROG3,TMEM106C,Enhancer,chr12,48192925,48193924
740,NEUROG3,TMEM106C,Enhancer,chr12,48133437,48134436
741,NEUROG3,TMEM106C,Enhancer,chr12,48129131,48130130
742,NEUROG3,TMEM106C,Enhancer,chr12,48179791,48180790
743,NEUROG3,TMEM106C,Enhancer,chr12,48135288,48136287
744,NEUROG3,TMEM106C,Enhancer,chr12,48146474,48147473
746,NEUROG3,TMEM106C,Enhancer,chr12,48136661,48137660
747,NEUROG3,TMEM106C,Enhancer,chr12,48196680,48197679
748,NEUROG3,TMEM106C,Enhancer,chr12,48122691,48123690
749,NEUROG3,TMEM106C,Enhancer,chr12,48108823,48109822
750,NKX2-3,TMEM106C,Enhancer,chr12,48135288,48136287
751,NKX2-3,TMEM106C,Enhancer,chr12,48132930,48133929
752,NKX2-3,TMEM106C,Enhancer,chr12,48204423,48205422
753,NKX2-3,TMEM106C,Enhancer,chr12,48175010,48176009
754,NKX2-3,TMEM106C,Enhancer,chr12,48140595,48141594
755,NKX2-3,TMEM106C,Enhancer,chr12,48123823,48124822
756,NKX2-3,TMEM106C,Enhancer,chr12,48132229,48133228
757,NKX2-3,TMEM106C,Enhancer,chr12,48202000,48202999
758,NKX2-3,TMEM106C,Enhancer,chr12,48222093,48223092
759,NKX2-3,TMEM106C,Enhancer,chr12,48223064,48224063
760,NKX2-3,TMEM106C,Enhancer,chr12,48108315,48109314
761,POU4F2,TMEM106C,Enhancer,chr12,48136160,48137159
762,POU4F2,TMEM106C,Enhancer,chr12,48194665,48195664
763,PRDM4,TMEM106C,Enhancer,chr12,48132930,48133929
764,PRDM4,TMEM106C,Enhancer,chr12,48180383,48181382
765,USF1,TMEM106C,Enhancer,chr12,48204423,48205422
766,USF1,TMEM106C,Enhancer,chr12,48196680,48197679
767,BARHL2,TMEM106C,Enhancer,chr12,48135288,48136287
768,DMRT1,TMEM106C,Enhancer,chr12,48208686,48209685
769,FOXA2,TMEM106C,Enhancer,chr12,48200757,48201756
770,FOXA2,TMEM106C,Enhancer,chr12,48145066,48146065
771,FOXA2,TMEM106C,Enhancer,chr12,48197706,48198705
778,GFI1,TMEM106C,Enhancer,chr12,48140595,48141594
779,GFI1,TMEM106C,Enhancer,chr12,48194665,48195664
780,GFI1,TMEM106C,Enhancer,chr12,48116384,48117383
781,GFI1B,TMEM106C,Enhancer,chr12,48116384,48117383
782,GSC,TMEM106C,Enhancer,chr12,48175010,48176009
787,HOXD13,TMEM106C,Enhancer,chr12,48179197,48180196
788,HOXD13,TMEM106C,Enhancer,chr12,48209509,48210508
789,LHX5,TMEM106C,Enhancer,chr12,48202393,48203392
813,NKX2-6,TMEM106C,Enhancer,chr12,48108315,48109314
814,NKX2-6,TMEM106C,Enhancer,chr12,48222093,48223092
815,NKX2-6,TMEM106C,Enhancer,chr12,48132930,48133929
816,NKX2-6,TMEM106C,Enhancer,chr12,48132229,48133228
817,NKX2-6,TMEM106C,Enhancer,chr12,48140595,48141594
818,NKX2-6,TMEM106C,Enhancer,chr12,48204423,48205422
819,NKX2-6,TMEM106C,Enhancer,chr12,48202000,48202999
820,NKX2-6,TMEM106C,Enhancer,chr12,48175010,48176009
821,NKX2-6,TMEM106C,Enhancer,chr12,48223064,48224063
822,OTP,TMEM106C,Enhancer,chr12,48115794,48116793
823,OTP,TMEM106C,Enhancer,chr12,48175010,48176009
824,OTP,TMEM106C,Enhancer,chr12,48209509,48210508
825,OTP,TMEM106C,Enhancer,chr12,48124325,48125324
826,OTP,TMEM106C,Enhancer,chr12,48203651,48204650
827,OTP,TMEM106C,Enhancer,chr12,48173752,48174751
828,OTP,TMEM106C,Enhancer,chr12,48164473,48165472
829,PITX1,TMEM106C,Enhancer,chr12,48115794,48116793
834,SOX14,TMEM106C,Enhancer,chr12,48108315,48109314
835,TLX1,TMEM106C,Enhancer,chr12,48134702,48135701
836,TLX1,TMEM106C,Enhancer,chr12,48109426,48110425
837,TLX1,TMEM106C,Enhancer,chr12,48158910,48159909
839,TLX1,TMEM106C,Enhancer,chr12,48111089,48112088
840,CREB3,TMEM106C,Enhancer,chr12,48122691,48123690
841,CREB3,TMEM106C,Enhancer,chr12,48208686,48209685
842,CREB3,TMEM106C,Enhancer,chr12,48196680,48197679
843,CREB3,TMEM106C,Enhancer,chr12,48131663,48132662
844,DPRX,TMEM106C,Enhancer,chr12,48175010,48176009
845,DPRX,TMEM106C,Enhancer,chr12,48164473,48165472
846,ESRRB,TMEM106C,Enhancer,chr12,48128187,48129186
847,ESRRB,TMEM106C,Enhancer,chr12,48131663,48132662
848,ESRRB,TMEM106C,Enhancer,chr12,48116384,48117383
849,ESRRB,TMEM106C,Enhancer,chr12,48179791,48180790
850,ESRRB,TMEM106C,Enhancer,chr12,48136661,48137660
851,FOXB1,TMEM106C,Enhancer,chr12,48116384,48117383
852,FOXB2,TMEM106C,Enhancer,chr12,48194665,48195664
853,FOXB2,TMEM106C,Enhancer,chr12,48164473,48165472
854,FOXB2,TMEM106C,Enhancer,chr12,48117059,48118058
855,FOXB2,TMEM106C,Enhancer,chr12,48223064,48224063
856,FOXB2,TMEM106C,Enhancer,chr12,48116384,48117383
857,FOXB2,TMEM106C,Enhancer,chr12,48135288,48136287
858,FOXB2,TMEM106C,Enhancer,chr12,48197706,48198705
859,FOXB2,TMEM106C,Enhancer,chr12,48195084,48196083
860,FOXB2,TMEM106C,Enhancer,chr12,48807485,48808484
861,FOXB2,TMEM106C,Enhancer,chr12,48145066,48146065
862,FOXB2,TMEM106C,Enhancer,chr12,48198893,48199892
863,FOXB2,TMEM106C,Enhancer,chr12,48123823,48124822
864,FOXB2,TMEM106C,Enhancer,chr12,48111089,48112088
865,FOXB2,TMEM106C,Enhancer,chr12,48203651,48204650
866,FOXB2,TMEM106C,Enhancer,chr12,48109823,48110822
867,FOXB2,TMEM106C,Enhancer,chr12,48202393,48203392
868,FOXB2,TMEM106C,Enhancer,chr12,48111953,48112952
877,HOXB9,TMEM106C,Enhancer,chr12,48806889,48807888
878,HOXB9,TMEM106C,Enhancer,chr12,48222093,48223092
879,HOXB9,TMEM106C,Enhancer,chr12,48116384,48117383
895,NKX2-1,TMEM106C,Enhancer,chr12,48132930,48133929
896,NKX2-1,TMEM106C,Enhancer,chr12,48140595,48141594
897,NKX2-1,TMEM106C,Enhancer,chr12,48175010,48176009
898,NKX2-1,TMEM106C,Enhancer,chr12,48108315,48109314
899,NKX2-1,TMEM106C,Enhancer,chr12,48204423,48205422
900,NKX2-1,TMEM106C,Enhancer,chr12,48202000,48202999
901,NKX2-1,TMEM106C,Enhancer,chr12,48132229,48133228
911,POU5F1B,TMEM106C,Enhancer,chr12,48222093,48223092
916,FOXA1,TMEM106C,Enhancer,chr12,48197706,48198705
920,FOXA3,TMEM106C,Enhancer,chr12,48203651,48204650
921,FOXA3,TMEM106C,Enhancer,chr12,48111089,48112088
930,HINFP,TMEM106C,Enhancer,chr12,48164473,48165472
931,HINFP,TMEM106C,Enhancer,chr12,48191886,48192885
946,PAX1,TMEM106C,Enhancer,chr12,48156960,48157959
952,THRB,TMEM106C,Enhancer,chr12,48133944,48134943
953,THRB,TMEM106C,Enhancer,chr12,48203651,48204650
954,THRB,TMEM106C,Enhancer,chr12,48179791,48180790
955,THRB,TMEM106C,Enhancer,chr12,48146474,48147473
956,THRB,TMEM106C,Enhancer,chr12,48137473,48138472
957,THRB,TMEM106C,Enhancer,chr12,48209509,48210508
958,THRB,TMEM106C,Enhancer,chr12,48117059,48118058
959,THRB,TMEM106C,Enhancer,chr12,48129131,48130130
960,THRB,TMEM106C,Enhancer,chr12,48198893,48199892
961,THRB,TMEM106C,Enhancer,chr12,48173433,48174432
962,THRB,TMEM106C,Enhancer,chr12,48208686,48209685
963,THRB,TMEM106C,Enhancer,chr12,48128187,48129186
964,THRB,TMEM106C,Enhancer,chr12,48200757,48201756
965,THRB,TMEM106C,Enhancer,chr12,48180853,48181852
966,THRB,TMEM106C,Enhancer,chr12,48124325,48125324
967,THRB,TMEM106C,Enhancer,chr12,48179197,48180196
968,THRB,TMEM106C,Enhancer,chr12,48195809,48196808
969,ZNF75D,TMEM106C,Enhancer,chr12,48202393,48203392
970,ZNF75D,TMEM106C,Enhancer,chr12,48180383,48181382
971,ZNF75D,TMEM106C,Enhancer,chr12,48690319,48691318
972,ZNF75D,TMEM106C,Enhancer,chr12,48136661,48137660
1003,HOXA9,TMEM106C,Enhancer,chr12,48222093,48223092
1035,PKNOX1,TMEM106C,Enhancer,chr12,48111953,48112952
1085,PITX2,TMEM106C,Enhancer,chr12,48124325,48125324
1086,PITX2,TMEM106C,Enhancer,chr12,48164473,48165472
1087,PITX2,TMEM106C,Enhancer,chr12,48208909,48209908
1088,PITX2,TMEM106C,Enhancer,chr12,48209509,48210508
1089,PITX2,TMEM106C,Enhancer,chr12,48203651,48204650
1090,PITX2,TMEM106C,Enhancer,chr12,48173752,48174751
1091,PITX3,TMEM106C,Enhancer,chr12,48115794,48116793
1097,TBX10,TMEM106C,Enhancer,chr12,48135288,48136287
1098,TBX10,TMEM106C,Enhancer,chr12,48202000,48202999
1099,TBX10,TMEM106C,Enhancer,chr12,48176461,48177460
1192,EN1,TMEM106C,Enhancer,chr12,48208686,48209685
1214,MYOD1,TMEM106C,Enhancer,chr12,48194665,48195664
1215,MYOD1,TMEM106C,Enhancer,chr12,48136661,48137660
1217,MYOD1,TMEM106C,Enhancer,chr12,48140595,48141594
1218,MYOD1,TMEM106C,Enhancer,chr12,48128187,48129186
1219,MYOD1,TMEM106C,Enhancer,chr12,48203983,48204982
1220,MYOD1,TMEM106C,Enhancer,chr12,48108315,48109314
1221,MYOD1,TMEM106C,Enhancer,chr12,48135657,48136656
1222,MYOD1,TMEM106C,Enhancer,chr12,48175010,48176009
1223,MYOD1,TMEM106C,Enhancer,chr12,48196680,48197679
1224,MYOD1,TMEM106C,Enhancer,chr12,48145066,48146065
1225,MYOD1,TMEM106C,Enhancer,chr12,48209509,48210508
1226,MYOD1,TMEM106C,Enhancer,chr12,48138265,48139264
1248,NR5A1,TMEM106C,Enhancer,chr12,48128187,48129186
1249,NR5A1,TMEM106C,Enhancer,chr12,48116384,48117383
1250,NR5A1,TMEM106C,Enhancer,chr12,48179791,48180790
1259,PAX4,TMEM106C,Enhancer,chr12,48136661,48137660
1260,PAX4,TMEM106C,Enhancer,chr12,48173433,48174432
1261,PAX4,TMEM106C,Enhancer,chr12,48209509,48210508
1262,PAX4,TMEM106C,Enhancer,chr12,48222093,48223092
1263,PAX4,TMEM106C,Enhancer,chr12,48164473,48165472
1264,PAX4,TMEM106C,Enhancer,chr12,48175553,48176552
1265,PAX4,TMEM106C,Enhancer,chr12,48146474,48147473
1266,PAX4,TMEM106C,Enhancer,chr12,48201546,48202545
1267,PAX4,TMEM106C,Enhancer,chr12,48200757,48201756
1268,PAX4,TMEM106C,Enhancer,chr12,48117059,48118058
1269,PAX4,TMEM106C,Enhancer,chr12,48176461,48177460
1270,PAX4,TMEM106C,Enhancer,chr12,48179197,48180196
1271,PAX4,TMEM106C,Enhancer,chr12,48208686,48209685
1272,PAX4,TMEM106C,Enhancer,chr12,48146057,48147056
1273,PAX4,TMEM106C,Enhancer,chr12,48202000,48202999
1274,PAX4,TMEM106C,Enhancer,chr12,48111089,48112088
1275,PAX4,TMEM106C,Enhancer,chr12,48134702,48135701
1276,PAX4,TMEM106C,Enhancer,chr12,48191886,48192885
1277,PAX4,TMEM106C,Enhancer,chr12,48690319,48691318
1287,ZBTB42,TMEM106C,Enhancer,chr12,48215149,48216148
1288,ZBTB42,TMEM106C,Enhancer,chr12,48123823,48124822
1289,ZBTB42,TMEM106C,Enhancer,chr12,48124325,48125324
1290,ZBTB42,TMEM106C,Enhancer,chr12,48209509,48210508
1291,ZBTB42,TMEM106C,Enhancer,chr12,48129131,48130130
1292,ZBTB42,TMEM106C,Enhancer,chr12,48129756,48130755
1293,ZBTB42,TMEM106C,Enhancer,chr12,48111953,48112952
1294,ZBTB42,TMEM106C,Enhancer,chr12,48222093,48223092
1295,ZBTB42,TMEM106C,Enhancer,chr12,48117059,48118058
1392,ELF5,TMEM106C,Enhancer,chr12,48146057,48147056
1393,EN2,TMEM106C,Enhancer,chr12,48208686,48209685
1436,NKX3-2,TMEM106C,Enhancer,chr12,48123823,48124822
1437,NKX3-2,TMEM106C,Enhancer,chr12,48108315,48109314
1441,TBX20,TMEM106C,Enhancer,chr12,48196680,48197679
1442,TBX20,TMEM106C,Enhancer,chr12,48215149,48216148
1448,GCM1,LEMD2,Enhancer,chr6,33661835,33662834
1449,GCM1,LEMD2,Enhancer,chr6,33600358,33601357
1450,HAND2,LEMD2,Enhancer,chr6,33662898,33663897
1451,HOXD11,LEMD2,Enhancer,chr6,33553839,33554838
1452,NKX2-4,LEMD2,Enhancer,chr6,33712442,33713441
1454,NR2C1,LEMD2,Enhancer,chr6,33737967,33738966
1455,TFAP2E,LEMD2,Enhancer,chr6,33557673,33558672
1457,TFAP2E,LEMD2,Enhancer,chr6,33600358,33601357
1458,TFAP2E,LEMD2,Enhancer,chr6,33712442,33713441
1459,TFAP2E,LEMD2,Enhancer,chr6,33738797,33739796
1460,TFAP2E,LEMD2,Enhancer,chr6,33739891,33740890
1461,TFAP2E,LEMD2,Enhancer,chr6,33601049,33602048
1462,TFAP2E,LEMD2,Enhancer,chr6,33661835,33662834
1463,TFAP2E,LEMD2,Enhancer,chr6,33650618,33651617
1464,TFAP2E,LEMD2,Enhancer,chr6,33741068,33742067
1465,TFAP2E,LEMD2,Enhancer,chr6,33744355,33745354
1466,TFAP2E,LEMD2,Enhancer,chr6,33539302,33540301
1467,TFAP2E,LEMD2,Enhancer,chr6,33601881,33602880
1468,TFAP2E,LEMD2,Enhancer,chr6,33590217,33591216
1469,TFAP2E,LEMD2,Enhancer,chr6,33556873,33557872
1470,TFAP2E,LEMD2,Enhancer,chr6,33553839,33554838
1471,TGIF2LY,LEMD2,Enhancer,chr6,33662898,33663897
1472,FUBP1,LEMD2,Enhancer,chr6,33736315,33737314
1473,FUBP1,LEMD2,Enhancer,chr6,33590217,33591216
1474,HOXA13,LEMD2,Enhancer,chr6,33650618,33651617
1475,HOXA9,LEMD2,Enhancer,chr6,33553839,33554838
1477,IRX1,LEMD2,Enhancer,chr6,33739891,33740890
1478,NFYC,LEMD2,Enhancer,chr6,33558282,33559281
1481,SPIC,LEMD2,Enhancer,chr6,33650618,33651617
1498,ZNF740,LEMD2,Enhancer,chr6,33650618,33651617
1499,ZNF740,LEMD2,Enhancer,chr6,33537847,33538846
1500,ZNF740,LEMD2,Enhancer,chr6,33736315,33737314
1501,ZNF740,LEMD2,Enhancer,chr6,33740497,33741496
1504,HOXB9,LEMD2,Enhancer,chr6,33650618,33651617
1505,HOXB9,LEMD2,Enhancer,chr6,33553839,33554838
1532,POU5F1B,LEMD2,Enhancer,chr6,33736315,33737314
1536,IRX4,LEMD2,Enhancer,chr6,33739891,33740890
1538,PITX1,LEMD2,Enhancer,chr6,33744355,33745354
1546,CTCFL,LEMD2,Enhancer,chr6,33738797,33739796
1547,CTCFL,LEMD2,Enhancer,chr6,33600358,33601357
1548,CTCFL,LEMD2,Enhancer,chr6,33736315,33737314
1549,CTCFL,LEMD2,Enhancer,chr6,33601583,33602582
1550,CTCFL,LEMD2,Enhancer,chr6,33601049,33602048
1551,E2F4,LEMD2,Enhancer,chr6,33738797,33739796
1553,E2F4,LEMD2,Enhancer,chr6,33737967,33738966
1554,E2F4,LEMD2,Enhancer,chr6,33661835,33662834
1555,E2F4,LEMD2,Enhancer,chr6,33660419,33661418
1556,E2F4,LEMD2,Enhancer,chr6,33736614,33737613
1557,E2F4,LEMD2,Enhancer,chr6,33601583,33602582
1558,HOXA1,LEMD2,Enhancer,chr6,33744355,33745354
1559,HOXA1,LEMD2,Enhancer,chr6,33553839,33554838
1560,HOXA1,LEMD2,Enhancer,chr6,33601881,33602880
1561,HOXA1,LEMD2,Enhancer,chr6,33650618,33651617
1564,NKX2-6,LEMD2,Enhancer,chr6,33712442,33713441
1568,TCF23,LEMD2,Enhancer,chr6,33736614,33737613
1569,TCF23,LEMD2,Enhancer,chr6,33557145,33558144
1574,BARHL2,MRPL42,Enhancer,chr12,94170706,94171705
1575,CDX2,MRPL42,Enhancer,chr12,94177278,94178277
1576,FOXA1,MRPL42,Enhancer,chr12,94177278,94178277
1577,FOXI1,MRPL42,Enhancer,chr12,94135616,94136615
1578,GATA3,MRPL42,Enhancer,chr12,94170162,94171161
1579,HOXA9,MRPL42,Enhancer,chr12,94177278,94178277
1580,HOXD9,MRPL42,Enhancer,chr12,94177278,94178277
1581,MEF2A,MRPL42,Enhancer,chr12,94177882,94178881
1582,MEF2A,MRPL42,Enhancer,chr12,94177278,94178277
1583,MEF2A,MRPL42,Enhancer,chr12,94178765,94179764
1584,MEF2A,MRPL42,Enhancer,chr12,94170162,94171161
1585,MEF2A,MRPL42,Enhancer,chr12,94288279,94289278
1586,MEF2A,MRPL42,Enhancer,chr12,94171256,94172255
1587,NR2C1,MRPL42,Enhancer,chr12,94170706,94171705
1588,PURA,MRPL42,Enhancer,chr12,94135616,94136615
1589,RFX5,MRPL42,Enhancer,chr12,94288279,94289278
1590,TBX10,MRPL42,Enhancer,chr12,94178765,94179764
1591,TBX10,MRPL42,Enhancer,chr12,94288279,94289278
1592,TBX10,MRPL42,Enhancer,chr12,94170162,94171161
1593,TCF4,MRPL42,Enhancer,chr12,94177278,94178277
1594,BARHL1,MRPL42,Enhancer,chr12,94170706,94171705
1595,FOXB1,MRPL42,Enhancer,chr12,94178765,94179764
1597,GATA1,MRPL42,Enhancer,chr12,94135616,94136615
1600,HOXB9,MRPL42,Enhancer,chr12,94177278,94178277
1602,HSF2,MRPL42,Enhancer,chr12,94135616,94136615
1603,MAX,MRPL42,Enhancer,chr12,94178765,94179764
1604,MAX,MRPL42,Enhancer,chr12,94177882,94178881
1618,ZNF143,MRPL42,Enhancer,chr12,94178765,94179764
1619,ZNF143,MRPL42,Enhancer,chr12,94170162,94171161
1623,FOXB2,MRPL42,Enhancer,chr12,94135616,94136615
1624,FOXB2,MRPL42,Enhancer,chr12,94177882,94178881
1625,FOXB2,MRPL42,Enhancer,chr12,94171773,94172772
1626,FOXB2,MRPL42,Enhancer,chr12,94178765,94179764
1627,FOXB2,MRPL42,Enhancer,chr12,94170162,94171161
1628,FOXB2,MRPL42,Enhancer,chr12,94177278,94178277
1633,HOXD3,MRPL42,Enhancer,chr12,94177882,94178881
1642,MLX,MRPL42,Enhancer,chr12,94178765,94179764
1643,NEUROD4,MRPL42,Enhancer,chr12,94288279,94289278
1676,FOXE1,MRPL42,Enhancer,chr12,94135616,94136615
1677,FOXE1,MRPL42,Enhancer,chr12,94170162,94171161
1678,FOXE1,MRPL42,Enhancer,chr12,94171773,94172772
1679,FOXE1,MRPL42,Enhancer,chr12,94178765,94179764
1680,FOXE1,MRPL42,Enhancer,chr12,94177882,94178881
1681,FOXE1,MRPL42,Enhancer,chr12,94177278,94178277
1685,HOXB4,MRPL42,Enhancer,chr12,94177882,94178881
1704,TGIF2LY,MRPL42,Enhancer,chr12,94212455,94213454
1705,TGIF2LY,MRPL42,Enhancer,chr12,94177278,94178277
1718,FOXS1,MRPL42,Enhancer,chr12,94171773,94172772
1719,FOXS1,MRPL42,Enhancer,chr12,94177278,94178277
1720,FOXS1,MRPL42,Enhancer,chr12,94178765,94179764
1721,FOXS1,MRPL42,Enhancer,chr12,94177882,94178881
1722,FOXS1,MRPL42,Enhancer,chr12,94170162,94171161
1723,FOXS1,MRPL42,Enhancer,chr12,94135616,94136615
1724,FOXS1,MRPL42,Enhancer,chr12,94171256,94172255
1738,NFATC3,MRPL42,Enhancer,chr12,94177278,94178277
1748,ARNT2,HCLS1,Enhancer,chr3,121386578,121387577
1749,BHLHE23,HCLS1,Enhancer,chr3,121378445,121379444
1750,CDX2,HCLS1,Enhancer,chr3,121379138,121380137
1751,ELF1,HCLS1,Enhancer,chr3,121385840,121386839
1752,ELF1,HCLS1,Enhancer,chr3,121378445,121379444
1753,ELF1,HCLS1,Enhancer,chr3,121965222,121966221
1754,ELF4,HCLS1,Enhancer,chr3,121965222,121966221
1755,FLI1,HCLS1,Enhancer,chr3,121378445,121379444
1756,FLI1,HCLS1,Enhancer,chr3,121385840,121386839
1757,FOXB1,HCLS1,Enhancer,chr3,121389250,121390249
1758,FOXD4L5,HCLS1,Enhancer,chr3,121417224,121418223
1759,FOXD4L5,HCLS1,Enhancer,chr3,121390211,121391210
1760,FOXD4L5,HCLS1,Enhancer,chr3,121385840,121386839
1761,FOXD4L5,HCLS1,Enhancer,chr3,121389250,121390249
1762,FOXD4L5,HCLS1,Enhancer,chr3,121390389,121391388
1763,FOXD4L5,HCLS1,Enhancer,chr3,121379138,121380137
1764,FOXE1,HCLS1,Enhancer,chr3,121390389,121391388
1765,FOXE1,HCLS1,Enhancer,chr3,121417224,121418223
1766,FOXE1,HCLS1,Enhancer,chr3,121390211,121391210
1767,FOXE1,HCLS1,Enhancer,chr3,121389250,121390249
1768,FOXE1,HCLS1,Enhancer,chr3,121379138,121380137
1769,FOXI1,HCLS1,Enhancer,chr3,121379138,121380137
1770,HMX2,HCLS1,Enhancer,chr3,121379916,121380915
1771,HOXB4,HCLS1,Enhancer,chr3,121379916,121380915
1772,HOXB4,HCLS1,Enhancer,chr3,121378445,121379444
1773,HOXB4,HCLS1,Enhancer,chr3,121390389,121391388
1774,HOXB4,HCLS1,Enhancer,chr3,121390211,121391210
1775,HOXB7,HCLS1,Enhancer,chr3,121390211,121391210
1776,HOXC6,HCLS1,Enhancer,chr3,121390389,121391388
1777,HOXC6,HCLS1,Enhancer,chr3,121378445,121379444
1778,HOXD10,HCLS1,Enhancer,chr3,121311081,121312080
1779,IKZF1,HCLS1,Enhancer,chr3,121311081,121312080
1780,IKZF1,HCLS1,Enhancer,chr3,121386578,121387577
1781,IRF5,HCLS1,Enhancer,chr3,121389250,121390249
1782,IRF5,HCLS1,Enhancer,chr3,121965222,121966221
1783,KLF15,HCLS1,Enhancer,chr3,121389250,121390249
1784,MEF2D,HCLS1,Enhancer,chr3,121390211,121391210
1785,MEF2D,HCLS1,Enhancer,chr3,121386578,121387577
1786,NEUROG1,HCLS1,Enhancer,chr3,121965222,121966221
1787,NFATC2,HCLS1,Enhancer,chr3,121378445,121379444
1788,ONECUT3,HCLS1,Enhancer,chr3,121390211,121391210
1789,ONECUT3,HCLS1,Enhancer,chr3,121417224,121418223
1790,OTX2,HCLS1,Enhancer,chr3,121311081,121312080
1791,OTX2,HCLS1,Enhancer,chr3,121386578,121387577
1792,OTX2,HCLS1,Enhancer,chr3,121385840,121386839
1793,OTX2,HCLS1,Enhancer,chr3,121379138,121380137
1794,PAX5,HCLS1,Enhancer,chr3,121311081,121312080
1795,PAX5,HCLS1,Enhancer,chr3,121386578,121387577
1796,PAX5,HCLS1,Enhancer,chr3,121417224,121418223
1797,PAX5,HCLS1,Enhancer,chr3,121378445,121379444
1798,POU5F1B,HCLS1,Enhancer,chr3,121390211,121391210
1799,PRDM1,HCLS1,Enhancer,chr3,121311081,121312080
1800,PRDM1,HCLS1,Enhancer,chr3,121389250,121390249
1801,SPI1,HCLS1,Enhancer,chr3,121379138,121380137
1802,SPI1,HCLS1,Enhancer,chr3,121385840,121386839
1803,SPZ1,HCLS1,Enhancer,chr3,121389250,121390249
1804,WT1,HCLS1,Enhancer,chr3,121389250,121390249
1805,ZNF740,HCLS1,Enhancer,chr3,121389250,121390249
1806,BARHL2,HCLS1,Enhancer,chr3,121385840,121386839
1807,BCL11B,HCLS1,Enhancer,chr3,121385840,121386839
1808,BCL11B,HCLS1,Enhancer,chr3,121417224,121418223
1810,CBFB,HCLS1,Enhancer,chr3,121378445,121379444
1812,CDX4,HCLS1,Enhancer,chr3,121379138,121380137
1831,MAFA,HCLS1,Enhancer,chr3,121311081,121312080
1833,NR5A2,HCLS1,Enhancer,chr3,121311081,121312080
1844,STAT5A,HCLS1,Enhancer,chr3,121311081,121312080
1845,TFCP2,HCLS1,Enhancer,chr3,121379916,121380915
1847,HOXB9,COMP,Enhancer,chr19,18966870,18967869
1848,HOXB9,COMP,Enhancer,chr19,19596476,19597475
1849,HOXB9,COMP,Enhancer,chr19,18960670,18961669
1850,HOXB9,COMP,Enhancer,chr19,18567467,18568466
1851,HOXB9,COMP,Enhancer,chr19,18811299,18812298
1852,HOXB9,COMP,Enhancer,chr19,19324597,19325596
1853,HOXB9,COMP,Enhancer,chr19,18570318,18571317
1854,HOXB9,COMP,Enhancer,chr19,18958587,18959586
1855,HOXB9,COMP,Enhancer,chr19,18977031,18978030
1856,ONECUT3,COMP,Enhancer,chr19,18772245,18773244
1857,PAX4,COMP,Enhancer,chr19,18562294,18563293
1858,PAX4,COMP,Enhancer,chr19,18809940,18810939
1859,PAX4,COMP,Enhancer,chr19,19341956,19342955
1860,PAX4,COMP,Enhancer,chr19,18776051,18777050
1861,PAX4,COMP,Enhancer,chr19,18613265,18614264
1862,PAX4,COMP,Enhancer,chr19,18595854,18596853
1863,PAX4,COMP,Enhancer,chr19,19095452,19096451
1864,PAX4,COMP,Enhancer,chr19,19103498,19104497
1865,PAX4,COMP,Enhancer,chr19,18588967,18589966
1866,PAX4,COMP,Enhancer,chr19,18615833,18616832
1867,PAX4,COMP,Enhancer,chr19,18599089,18600088
1868,PAX4,COMP,Enhancer,chr19,18766892,18767891
1869,PAX4,COMP,Enhancer,chr19,18618231,18619230
1870,PAX4,COMP,Enhancer,chr19,18591224,18592223
1871,PAX4,COMP,Enhancer,chr19,19637282,19638281
1872,PAX4,COMP,Enhancer,chr19,18605333,18606332
1873,PAX4,COMP,Enhancer,chr19,19471247,19472246
1874,PAX4,COMP,Enhancer,chr19,18595446,18596445
1875,PAX4,COMP,Enhancer,chr19,18567467,18568466
1876,PAX4,COMP,Enhancer,chr19,18811299,18812298
1877,PAX4,COMP,Enhancer,chr19,18781508,18782507
1878,PAX4,COMP,Enhancer,chr19,18961357,18962356
1879,PAX4,COMP,Enhancer,chr19,18587347,18588346
1880,PAX4,COMP,Enhancer,chr19,19341508,19342507
1881,PAX4,COMP,Enhancer,chr19,19604330,19605329
1882,PAX4,COMP,Enhancer,chr19,18810457,18811456
1883,PAX4,COMP,Enhancer,chr19,19391070,19392069
1884,PAX4,COMP,Enhancer,chr19,18755246,18756245
1885,PAX4,COMP,Enhancer,chr19,19221553,19222552
1886,PAX4,COMP,Enhancer,chr19,18614907,18615906
1887,PAX4,COMP,Enhancer,chr19,18768248,18769247
1888,PAX4,COMP,Enhancer,chr19,18568006,18569005
1889,PAX4,COMP,Enhancer,chr19,18619692,18620691
1890,PAX4,COMP,Enhancer,chr19,18977031,18978030
1891,HOXA11,COMP,Enhancer,chr19,18960670,18961669
1892,HOXA11,COMP,Enhancer,chr19,18570318,18571317
1893,HOXA11,COMP,Enhancer,chr19,19596476,19597475
1894,HOXA11,COMP,Enhancer,chr19,18977031,18978030
1895,FOXE1,IREB2,Enhancer,chr15,79151512,79152511
1896,FOXE3,IREB2,Enhancer,chr15,79151512,79152511
1897,FOXO3,IREB2,Enhancer,chr15,79152013,79153012
1899,HOXB4,IREB2,Enhancer,chr15,79151512,79152511
1900,IRX1,IREB2,Enhancer,chr15,79142913,79143912
1901,NEUROG1,IREB2,Enhancer,chr15,79051383,79052382
1902,RFX6,IREB2,Enhancer,chr15,78608192,78609191
1903,RFX7,IREB2,Enhancer,chr15,78608192,78609191
1904,SP3,IREB2,Enhancer,chr15,78608192,78609191
1905,SP3,IREB2,Enhancer,chr15,79051734,79052733
1907,SP3,IREB2,Enhancer,chr15,79051383,79052382
1908,SP3,IREB2,Enhancer,chr15,79152381,79153380
1909,SP6,IREB2,Enhancer,chr15,79152381,79153380
1910,SP6,IREB2,Enhancer,chr15,79051383,79052382
1911,SP6,IREB2,Enhancer,chr15,79051734,79052733
1912,SP6,IREB2,Enhancer,chr15,78608192,78609191
1915,WT1,IREB2,Enhancer,chr15,79152381,79153380
1916,WT1,IREB2,Enhancer,chr15,79051383,79052382
1918,HNF4A,IREB2,Enhancer,chr15,79142913,79143912
1919,HNF4A,IREB2,Enhancer,chr15,79051383,79052382
1921,NR5A2,IREB2,Enhancer,chr15,79142913,79143912
1950,FOXI2,IREB2,Enhancer,chr15,79151512,79152511
1953,HOXA6,IREB2,Enhancer,chr15,79151512,79152511
1954,HOXC6,IREB2,Enhancer,chr15,79151512,79152511
1956,IRX5,IREB2,Enhancer,chr15,79142913,79143912
1966,ZSCAN4,IREB2,Enhancer,chr15,79142913,79143912
1967,ZSCAN4,IREB2,Enhancer,chr15,78608192,78609191
1968,ZSCAN4,IREB2,Enhancer,chr15,79151512,79152511
1969,E4F1,ACAP3,Enhancer,chr1,1789802,1790801
1970,GCM1,ACAP3,Enhancer,chr1,1252906,1253905
1971,GCM1,ACAP3,Enhancer,chr1,1256692,1257691
1972,GCM1,ACAP3,Enhancer,chr1,1226234,1227233
1973,GCM1,ACAP3,Enhancer,chr1,1839029,1840028
1974,GCM1,ACAP3,Enhancer,chr1,1237967,1238966
1975,GCM1,ACAP3,Enhancer,chr1,1280511,1281510
1976,GSC2,ACAP3,Enhancer,chr1,1789802,1790801
1977,HES2,ACAP3,Enhancer,chr1,975678,976677
1978,HES2,ACAP3,Enhancer,chr1,1738612,1739611
1979,HES2,ACAP3,Enhancer,chr1,957812,958811
1980,HES2,ACAP3,Enhancer,chr1,1280922,1281921
1981,HES2,ACAP3,Enhancer,chr1,1227873,1228872
1982,HES2,ACAP3,Enhancer,chr1,1824433,1825432
1983,HES2,ACAP3,Enhancer,chr1,1771311,1772310
1984,HIC2,ACAP3,Enhancer,chr1,1151909,1152908
1985,HIC2,ACAP3,Enhancer,chr1,1237967,1238966
1986,HIC2,ACAP3,Enhancer,chr1,1714486,1715485
1987,HIC2,ACAP3,Enhancer,chr1,1825565,1826564
1988,HIC2,ACAP3,Enhancer,chr1,1256692,1257691
1989,HIC2,ACAP3,Enhancer,chr1,1375925,1376924
1990,HIC2,ACAP3,Enhancer,chr1,958737,959736
1991,HIC2,ACAP3,Enhancer,chr1,1234008,1235007
1992,HOXA13,ACAP3,Enhancer,chr1,1778245,1779244
1993,HOXA9,ACAP3,Enhancer,chr1,1758046,1759045
1994,HOXA9,ACAP3,Enhancer,chr1,1737489,1738488
1995,HOXA9,ACAP3,Enhancer,chr1,1825565,1826564
1996,MZF1,ACAP3,Enhancer,chr1,1057173,1058172
1997,MZF1,ACAP3,Enhancer,chr1,1093119,1094118
1998,MZF1,ACAP3,Enhancer,chr1,1226899,1227898
1999,MZF1,ACAP3,Enhancer,chr1,1254641,1255640
2000,MZF1,ACAP3,Enhancer,chr1,974585,975584
2001,MZF1,ACAP3,Enhancer,chr1,1234008,1235007
2002,MZF1,ACAP3,Enhancer,chr1,1237308,1238307
2003,MZF1,ACAP3,Enhancer,chr1,957812,958811
2004,MZF1,ACAP3,Enhancer,chr1,1280511,1281510
2005,MZF1,ACAP3,Enhancer,chr1,1152996,1153995
2006,MZF1,ACAP3,Enhancer,chr1,1839920,1840919
2007,MZF1,ACAP3,Enhancer,chr1,1712258,1713257
2008,MZF1,ACAP3,Enhancer,chr1,1486022,1487021
2009,MZF1,ACAP3,Enhancer,chr1,1225491,1226490
2010,SOX14,ACAP3,Enhancer,chr1,1772679,1773678
2011,STAT2,ACAP3,Enhancer,chr1,1772679,1773678
2012,STAT2,ACAP3,Enhancer,chr1,1839920,1840919
2013,STAT2,ACAP3,Enhancer,chr1,1720205,1721204
2014,STAT2,ACAP3,Enhancer,chr1,1778622,1779621
2015,TBX20,ACAP3,Enhancer,chr1,966312,967311
2016,TBX20,ACAP3,Enhancer,chr1,1758046,1759045
2017,TBX20,ACAP3,Enhancer,chr1,1250595,1251594
2018,TBX20,ACAP3,Enhancer,chr1,1094016,1095015
2019,USF2,ACAP3,Enhancer,chr1,1609904,1610903
2020,USF2,ACAP3,Enhancer,chr1,1256692,1257691
2021,USF2,ACAP3,Enhancer,chr1,1737489,1738488
2022,USF2,ACAP3,Enhancer,chr1,1090785,1091784
2023,USF2,ACAP3,Enhancer,chr1,1091169,1092168
2024,USF2,ACAP3,Enhancer,chr1,966312,967311
2025,USF2,ACAP3,Enhancer,chr1,1439830,1440829
2026,USF2,ACAP3,Enhancer,chr1,1250595,1251594
2027,USF2,ACAP3,Enhancer,chr1,1689966,1690965
2028,USF2,ACAP3,Enhancer,chr1,1151909,1152908
2029,USF2,ACAP3,Enhancer,chr1,1227873,1228872
2031,USF2,ACAP3,Enhancer,chr1,972400,973399
2032,USF2,ACAP3,Enhancer,chr1,1839029,1840028
2033,ZNF76,ACAP3,Enhancer,chr1,1837926,1838925
2034,ZNF76,ACAP3,Enhancer,chr1,975166,976165
2035,ZNF76,ACAP3,Enhancer,chr1,1712258,1713257
2036,ZNF76,ACAP3,Enhancer,chr1,1093119,1094118
2037,ZNF76,ACAP3,Enhancer,chr1,1236637,1237636
2038,ZNF76,ACAP3,Enhancer,chr1,1094016,1095015
2039,ZNF76,ACAP3,Enhancer,chr1,1287888,1288887
2040,ZNF76,ACAP3,Enhancer,chr1,1485532,1486531
2041,ZNF76,ACAP3,Enhancer,chr1,1486423,1487422
2042,ZNF76,ACAP3,Enhancer,chr1,1280922,1281921
2043,ZNF76,ACAP3,Enhancer,chr1,974585,975584
2044,ZNF76,ACAP3,Enhancer,chr1,1825565,1826564
2045,ZNF76,ACAP3,Enhancer,chr1,1486022,1487021
2046,ZNF76,ACAP3,Enhancer,chr1,1234008,1235007
2047,ZNF76,ACAP3,Enhancer,chr1,1738612,1739611
2048,ZNF76,ACAP3,Enhancer,chr1,959204,960203
2049,ZNF76,ACAP3,Enhancer,chr1,1235080,1236079
2050,ZNF76,ACAP3,Enhancer,chr1,1738373,1739372
2051,ZNF76,ACAP3,Enhancer,chr1,1738071,1739070
2052,ZNF76,ACAP3,Enhancer,chr1,1094452,1095451
2053,ZNF76,ACAP3,Enhancer,chr1,1250595,1251594
2054,ZNF76,ACAP3,Enhancer,chr1,1839029,1840028
2055,CTCFL,ACAP3,Enhancer,chr1,959702,960701
2056,CTCFL,ACAP3,Enhancer,chr1,1485532,1486531
2057,CTCFL,ACAP3,Enhancer,chr1,1294836,1295835
2058,CTCFL,ACAP3,Enhancer,chr1,1839029,1840028
2060,CTCFL,ACAP3,Enhancer,chr1,1151909,1152908
2061,CTCFL,ACAP3,Enhancer,chr1,1357806,1358805
2062,CTCFL,ACAP3,Enhancer,chr1,1609904,1610903
2063,CTCFL,ACAP3,Enhancer,chr1,1720205,1721204
2064,CTCFL,ACAP3,Enhancer,chr1,1226234,1227233
2065,CTCFL,ACAP3,Enhancer,chr1,975166,976165
2066,CTCFL,ACAP3,Enhancer,chr1,1718727,1719726
2067,CTCFL,ACAP3,Enhancer,chr1,1839920,1840919
2068,CTCFL,ACAP3,Enhancer,chr1,1226899,1227898
2069,CTCFL,ACAP3,Enhancer,chr1,975678,976677
2070,CTCFL,ACAP3,Enhancer,chr1,1837926,1838925
2071,CTCFL,ACAP3,Enhancer,chr1,1057173,1058172
2072,CTCFL,ACAP3,Enhancer,chr1,1093119,1094118
2073,CTCFL,ACAP3,Enhancer,chr1,1375925,1376924
2074,CTCFL,ACAP3,Enhancer,chr1,1236637,1237636
2076,ELF5,ACAP3,Enhancer,chr1,1233002,1234001
2077,ELF5,ACAP3,Enhancer,chr1,1093119,1094118
2078,ELF5,ACAP3,Enhancer,chr1,1357806,1358805
2079,ELF5,ACAP3,Enhancer,chr1,1235080,1236079
2080,FOXD4L1,ACAP3,Enhancer,chr1,1357806,1358805
2081,FOXD4L1,ACAP3,Enhancer,chr1,1788469,1789468
2082,FOXD4L1,ACAP3,Enhancer,chr1,1789802,1790801
2083,FOXD4L1,ACAP3,Enhancer,chr1,1439830,1440829
2084,FOXD4L1,ACAP3,Enhancer,chr1,1712258,1713257
2085,FOXD4L1,ACAP3,Enhancer,chr1,1790508,1791507
2086,FOXD4L1,ACAP3,Enhancer,chr1,1789148,1790147
2087,FOXD4L1,ACAP3,Enhancer,chr1,1294337,1295336
2088,FOXD4L1,ACAP3,Enhancer,chr1,1790113,1791112
2089,FOXD4L1,ACAP3,Enhancer,chr1,1364733,1365732
2090,FOXD4L1,ACAP3,Enhancer,chr1,1714486,1715485
2091,FOXD4L1,ACAP3,Enhancer,chr1,1738373,1739372
2092,FOXD4L1,ACAP3,Enhancer,chr1,1502912,1503911
2093,FOXD4L1,ACAP3,Enhancer,chr1,1254641,1255640
2094,FOXD4L1,ACAP3,Enhancer,chr1,1824433,1825432
2095,FOXD4L1,ACAP3,Enhancer,chr1,1295603,1296602
2096,FOXD4L1,ACAP3,Enhancer,chr1,1778245,1779244
2097,FOXD4L1,ACAP3,Enhancer,chr1,1764759,1765758
2098,FOXD4L1,ACAP3,Enhancer,chr1,1720205,1721204
2099,FOXD4L1,ACAP3,Enhancer,chr1,1235494,1236493
2100,FOXD4L1,ACAP3,Enhancer,chr1,1772679,1773678
2101,FOXD4L1,ACAP3,Enhancer,chr1,1252906,1253905
2102,FOXD4L1,ACAP3,Enhancer,chr1,1151909,1152908
2103,FOXD4L1,ACAP3,Enhancer,chr1,1758046,1759045
2104,FOXD4L1,ACAP3,Enhancer,chr1,1609904,1610903
